-- ================================================================
-- OLX-STYLE USER-TO-USER MARKETPLACE — GUJARAT, INDIA
-- FILE: 02_insert_data.sql
-- PURPOSE: Realistic Mock Data Generation
-- ================================================================

-- ========================
-- PINCODE LOCATIONS
-- ========================
INSERT INTO pincode_locations (pin, city, state) VALUES (380001, 'Ahmedabad', 'Gujarat');
INSERT INTO pincode_locations (pin, city, state) VALUES (395001, 'Surat', 'Gujarat');
INSERT INTO pincode_locations (pin, city, state) VALUES (390001, 'Vadodara', 'Gujarat');
INSERT INTO pincode_locations (pin, city, state) VALUES (360001, 'Rajkot', 'Gujarat');
INSERT INTO pincode_locations (pin, city, state) VALUES (382010, 'Gandhinagar', 'Gujarat');

-- ========================
-- CATEGORIES
-- ========================
INSERT INTO categories (category_id, category_name, parent_id) VALUES (1, 'Electronics', NULL);
INSERT INTO categories (category_id, category_name, parent_id) VALUES (2, 'Vehicles', NULL);
INSERT INTO categories (category_id, category_name, parent_id) VALUES (3, 'Furniture', NULL);
INSERT INTO categories (category_id, category_name, parent_id) VALUES (4, 'Books', NULL);
INSERT INTO categories (category_id, category_name, parent_id) VALUES (5, 'Mobiles', 1);
INSERT INTO categories (category_id, category_name, parent_id) VALUES (6, 'Laptops', 1);
INSERT INTO categories (category_id, category_name, parent_id) VALUES (7, 'TVs', 1);
INSERT INTO categories (category_id, category_name, parent_id) VALUES (8, 'Bikes', 2);
INSERT INTO categories (category_id, category_name, parent_id) VALUES (9, 'Cars', 2);
INSERT INTO categories (category_id, category_name, parent_id) VALUES (10, 'Beds', 3);
INSERT INTO categories (category_id, category_name, parent_id) VALUES (11, 'Chairs', 3);
INSERT INTO categories (category_id, category_name, parent_id) VALUES (12, 'Sofas', 3);
INSERT INTO categories (category_id, category_name, parent_id) VALUES (13, 'Fiction', 4);
INSERT INTO categories (category_id, category_name, parent_id) VALUES (14, 'Educational', 4);

-- ========================
-- USERS
-- ========================
INSERT INTO users (user_id, name, email, user_type, role, password, reg_date, img_url) VALUES (1, 'Bhavesh Prajapati', 'bhavesh1@gmail.com', 'Individual', 'User', 'hashed_pw_123', '2025-01-09', 'https://images.olx.in/u_1.jpg');
INSERT INTO users (user_id, name, email, user_type, role, password, reg_date, img_url) VALUES (2, 'Aarav Mistry', 'aarav2@gmail.com', 'Individual', 'User', 'hashed_pw_123', '2025-02-13', 'https://images.olx.in/u_2.jpg');
INSERT INTO users (user_id, name, email, user_type, role, password, reg_date, img_url) VALUES (3, 'Vijay Trivedi', 'vijay3@gmail.com', 'Individual', 'User', 'hashed_pw_123', '2025-09-30', 'https://images.olx.in/u_3.jpg');
INSERT INTO users (user_id, name, email, user_type, role, password, reg_date, img_url) VALUES (4, 'Chetan Trivedi', 'chetan4@gmail.com', 'Individual', 'User', 'hashed_pw_123', '2026-01-01', 'https://images.olx.in/u_4.jpg');
INSERT INTO users (user_id, name, email, user_type, role, password, reg_date, img_url) VALUES (5, 'Kiran Vyas', 'kiran5@gmail.com', 'Individual', 'User', 'hashed_pw_123', '2025-04-08', 'https://images.olx.in/u_5.jpg');
INSERT INTO users (user_id, name, email, user_type, role, password, reg_date, img_url) VALUES (6, 'Kabir Patel', 'kabir6@gmail.com', 'Individual', 'User', 'hashed_pw_123', '2025-06-15', 'https://images.olx.in/u_6.jpg');
INSERT INTO users (user_id, name, email, user_type, role, password, reg_date, img_url) VALUES (7, 'Kiran Modi', 'kiran7@gmail.com', 'Individual', 'User', 'hashed_pw_123', '2025-03-08', 'https://images.olx.in/u_7.jpg');
INSERT INTO users (user_id, name, email, user_type, role, password, reg_date, img_url) VALUES (8, 'Hardik Mehta', 'hardik8@gmail.com', 'Individual', 'User', 'hashed_pw_123', '2025-09-10', 'https://images.olx.in/u_8.jpg');
INSERT INTO users (user_id, name, email, user_type, role, password, reg_date, img_url) VALUES (9, 'Rohan Bhatt', 'rohan9@gmail.com', 'Individual', 'User', 'hashed_pw_123', '2025-01-07', 'https://images.olx.in/u_9.jpg');
INSERT INTO users (user_id, name, email, user_type, role, password, reg_date, img_url) VALUES (10, 'Simran Panchal', 'simran10@gmail.com', 'Individual', 'User', 'hashed_pw_123', '2025-10-17', 'https://images.olx.in/u_10.jpg');
INSERT INTO users (user_id, name, email, user_type, role, password, reg_date, img_url) VALUES (11, 'Chetan Gohil', 'chetan11@gmail.com', 'Individual', 'User', 'hashed_pw_123', '2025-11-18', 'https://images.olx.in/u_11.jpg');
INSERT INTO users (user_id, name, email, user_type, role, password, reg_date, img_url) VALUES (12, 'Swati Vyas', 'swati12@gmail.com', 'Individual', 'User', 'hashed_pw_123', '2025-12-27', 'https://images.olx.in/u_12.jpg');
INSERT INTO users (user_id, name, email, user_type, role, password, reg_date, img_url) VALUES (13, 'Karan Mehta', 'karan13@gmail.com', 'Individual', 'User', 'hashed_pw_123', '2026-02-03', 'https://images.olx.in/u_13.jpg');
INSERT INTO users (user_id, name, email, user_type, role, password, reg_date, img_url) VALUES (14, 'Darshan Desai', 'darshan14@gmail.com', 'Individual', 'User', 'hashed_pw_123', '2025-03-26', 'https://images.olx.in/u_14.jpg');
INSERT INTO users (user_id, name, email, user_type, role, password, reg_date, img_url) VALUES (15, 'Rahul Desai', 'rahul15@gmail.com', 'Individual', 'User', 'hashed_pw_123', '2025-09-03', 'https://images.olx.in/u_15.jpg');
INSERT INTO users (user_id, name, email, user_type, role, password, reg_date, img_url) VALUES (16, 'Aarti Gohil', 'aarti16@gmail.com', 'Individual', 'User', 'hashed_pw_123', '2025-06-22', 'https://images.olx.in/u_16.jpg');
INSERT INTO users (user_id, name, email, user_type, role, password, reg_date, img_url) VALUES (17, 'Ila Thakor', 'ila17@gmail.com', 'Individual', 'User', 'hashed_pw_123', '2025-10-04', 'https://images.olx.in/u_17.jpg');
INSERT INTO users (user_id, name, email, user_type, role, password, reg_date, img_url) VALUES (18, 'Simran Panchal', 'simran18@gmail.com', 'Individual', 'User', 'hashed_pw_123', '2025-11-14', 'https://images.olx.in/u_18.jpg');
INSERT INTO users (user_id, name, email, user_type, role, password, reg_date, img_url) VALUES (19, 'Hardik Bhatt', 'hardik19@gmail.com', 'Individual', 'User', 'hashed_pw_123', '2025-01-27', 'https://images.olx.in/u_19.jpg');
INSERT INTO users (user_id, name, email, user_type, role, password, reg_date, img_url) VALUES (20, 'Hemant Mehta', 'hemant20@gmail.com', 'Individual', 'User', 'hashed_pw_123', '2025-11-02', 'https://images.olx.in/u_20.jpg');
INSERT INTO users (user_id, name, email, user_type, role, password, reg_date, img_url) VALUES (21, 'Vikram Soni', 'vikram21@gmail.com', 'Individual', 'User', 'hashed_pw_123', '2024-12-03', 'https://images.olx.in/u_21.jpg');
INSERT INTO users (user_id, name, email, user_type, role, password, reg_date, img_url) VALUES (22, 'Kiran Mehta', 'kiran22@gmail.com', 'Individual', 'User', 'hashed_pw_123', '2025-02-07', 'https://images.olx.in/u_22.jpg');
INSERT INTO users (user_id, name, email, user_type, role, password, reg_date, img_url) VALUES (23, 'Ramesh Panchal', 'ramesh23@gmail.com', 'Individual', 'User', 'hashed_pw_123', '2025-08-09', 'https://images.olx.in/u_23.jpg');
INSERT INTO users (user_id, name, email, user_type, role, password, reg_date, img_url) VALUES (24, 'Vijay Shah', 'vijay24@gmail.com', 'Individual', 'User', 'hashed_pw_123', '2025-12-18', 'https://images.olx.in/u_24.jpg');
INSERT INTO users (user_id, name, email, user_type, role, password, reg_date, img_url) VALUES (25, 'Dhruv Shah', 'dhruv25@gmail.com', 'Individual', 'User', 'hashed_pw_123', '2026-01-05', 'https://images.olx.in/u_25.jpg');
INSERT INTO users (user_id, name, email, user_type, role, password, reg_date, img_url) VALUES (26, 'Ekta Soni', 'ekta26@gmail.com', 'Individual', 'User', 'hashed_pw_123', '2025-09-25', 'https://images.olx.in/u_26.jpg');
INSERT INTO users (user_id, name, email, user_type, role, password, reg_date, img_url) VALUES (27, 'Jignesh Rathod', 'jignesh27@gmail.com', 'Individual', 'User', 'hashed_pw_123', '2025-10-11', 'https://images.olx.in/u_27.jpg');
INSERT INTO users (user_id, name, email, user_type, role, password, reg_date, img_url) VALUES (28, 'Sonal Rathod', 'sonal28@gmail.com', 'Individual', 'User', 'hashed_pw_123', '2025-07-01', 'https://images.olx.in/u_28.jpg');
INSERT INTO users (user_id, name, email, user_type, role, password, reg_date, img_url) VALUES (29, 'Aarav Joshi', 'aarav29@gmail.com', 'Individual', 'User', 'hashed_pw_123', '2024-12-01', 'https://images.olx.in/u_29.jpg');
INSERT INTO users (user_id, name, email, user_type, role, password, reg_date, img_url) VALUES (30, 'Yash Patel', 'yash30@gmail.com', 'Individual', 'User', 'hashed_pw_123', '2025-05-31', 'https://images.olx.in/u_30.jpg');
INSERT INTO users (user_id, name, email, user_type, role, password, reg_date, img_url) VALUES (31, 'Riya Desai', 'riya31@gmail.com', 'Individual', 'User', 'hashed_pw_123', '2025-12-17', 'https://images.olx.in/u_31.jpg');
INSERT INTO users (user_id, name, email, user_type, role, password, reg_date, img_url) VALUES (32, 'Kavya Bhatt', 'kavya32@gmail.com', 'Individual', 'User', 'hashed_pw_123', '2026-01-30', 'https://images.olx.in/u_32.jpg');
INSERT INTO users (user_id, name, email, user_type, role, password, reg_date, img_url) VALUES (33, 'Girish Shah', 'girish33@gmail.com', 'Individual', 'User', 'hashed_pw_123', '2026-01-11', 'https://images.olx.in/u_33.jpg');
INSERT INTO users (user_id, name, email, user_type, role, password, reg_date, img_url) VALUES (34, 'Ekta Rathod', 'ekta34@gmail.com', 'Individual', 'User', 'hashed_pw_123', '2025-09-27', 'https://images.olx.in/u_34.jpg');
INSERT INTO users (user_id, name, email, user_type, role, password, reg_date, img_url) VALUES (35, 'Sneha Joshi', 'sneha35@gmail.com', 'Individual', 'User', 'hashed_pw_123', '2025-08-20', 'https://images.olx.in/u_35.jpg');
INSERT INTO users (user_id, name, email, user_type, role, password, reg_date, img_url) VALUES (36, 'Deepak Modi', 'deepak36@gmail.com', 'Individual', 'User', 'hashed_pw_123', '2025-08-12', 'https://images.olx.in/u_36.jpg');
INSERT INTO users (user_id, name, email, user_type, role, password, reg_date, img_url) VALUES (37, 'Aarti Trivedi', 'aarti37@gmail.com', 'Individual', 'User', 'hashed_pw_123', '2025-03-12', 'https://images.olx.in/u_37.jpg');
INSERT INTO users (user_id, name, email, user_type, role, password, reg_date, img_url) VALUES (38, 'Ramesh Chauhan', 'ramesh38@gmail.com', 'Individual', 'User', 'hashed_pw_123', '2026-01-14', 'https://images.olx.in/u_38.jpg');
INSERT INTO users (user_id, name, email, user_type, role, password, reg_date, img_url) VALUES (39, 'Rahul Parmar', 'rahul39@gmail.com', 'Individual', 'User', 'hashed_pw_123', '2025-03-31', 'https://images.olx.in/u_39.jpg');
INSERT INTO users (user_id, name, email, user_type, role, password, reg_date, img_url) VALUES (40, 'Hardik Shah', 'hardik40@gmail.com', 'Individual', 'User', 'hashed_pw_123', '2025-06-02', 'https://images.olx.in/u_40.jpg');
INSERT INTO users (user_id, name, email, user_type, role, password, reg_date, img_url) VALUES (41, 'Falguni Mehta', 'falguni41@gmail.com', 'Individual', 'User', 'hashed_pw_123', '2025-04-09', 'https://images.olx.in/u_41.jpg');
INSERT INTO users (user_id, name, email, user_type, role, password, reg_date, img_url) VALUES (42, 'Vikram Thakor', 'vikram42@gmail.com', 'Individual', 'User', 'hashed_pw_123', '2025-04-07', 'https://images.olx.in/u_42.jpg');
INSERT INTO users (user_id, name, email, user_type, role, password, reg_date, img_url) VALUES (43, 'Priya Trivedi', 'priya43@gmail.com', 'Individual', 'User', 'hashed_pw_123', '2025-07-25', 'https://images.olx.in/u_43.jpg');
INSERT INTO users (user_id, name, email, user_type, role, password, reg_date, img_url) VALUES (44, 'Darshan Oza', 'darshan44@gmail.com', 'Individual', 'User', 'hashed_pw_123', '2025-11-30', 'https://images.olx.in/u_44.jpg');
INSERT INTO users (user_id, name, email, user_type, role, password, reg_date, img_url) VALUES (45, 'Hardik Trivedi', 'hardik45@gmail.com', 'Individual', 'User', 'hashed_pw_123', '2025-12-23', 'https://images.olx.in/u_45.jpg');
INSERT INTO users (user_id, name, email, user_type, role, password, reg_date, img_url) VALUES (46, 'Ramesh Patel', 'ramesh46@gmail.com', 'Individual', 'User', 'hashed_pw_123', '2025-07-15', 'https://images.olx.in/u_46.jpg');
INSERT INTO users (user_id, name, email, user_type, role, password, reg_date, img_url) VALUES (47, 'Sanjay Joshi', 'sanjay47@gmail.com', 'Individual', 'User', 'hashed_pw_123', '2025-11-10', 'https://images.olx.in/u_47.jpg');
INSERT INTO users (user_id, name, email, user_type, role, password, reg_date, img_url) VALUES (48, 'Nisha Mehta', 'nisha48@gmail.com', 'Individual', 'User', 'hashed_pw_123', '2025-06-24', 'https://images.olx.in/u_48.jpg');
INSERT INTO users (user_id, name, email, user_type, role, password, reg_date, img_url) VALUES (49, 'Aarav Prajapati', 'aarav49@gmail.com', 'Individual', 'User', 'hashed_pw_123', '2025-06-26', 'https://images.olx.in/u_49.jpg');
INSERT INTO users (user_id, name, email, user_type, role, password, reg_date, img_url) VALUES (50, 'Ananya Bhatt', 'ananya50@gmail.com', 'Individual', 'User', 'hashed_pw_123', '2025-09-11', 'https://images.olx.in/u_50.jpg');
INSERT INTO users (user_id, name, email, user_type, role, password, reg_date, img_url) VALUES (51, 'Kiran Oza', 'kiran51@gmail.com', 'Individual', 'Admin', 'hashed_pw_123', '2025-07-17', 'https://images.olx.in/u_51.jpg');
INSERT INTO users (user_id, name, email, user_type, role, password, reg_date, img_url) VALUES (52, 'Sneha Panchal', 'sneha52@gmail.com', 'Individual', 'Admin', 'hashed_pw_123', '2025-12-01', 'https://images.olx.in/u_52.jpg');

-- ========================
-- ADMINS
-- ========================
INSERT INTO admins (admin_id, user_id, role) VALUES (1, 51, 'SuperAdmin');
INSERT INTO admins (admin_id, user_id, role) VALUES (2, 52, 'ContentModerator');

-- ========================
-- CONTACTS & ADDRESSES
-- ========================
INSERT INTO contacts (user_id, phone) VALUES (1, '+919183370544');
INSERT INTO addresses (address_id, label, address_line, longitude, latitude, is_primary, user_id, pin) VALUES (1, 'Home', 'Block 38, Society 79', 70.57607, 20.115239, TRUE, 1, 360001);
INSERT INTO contacts (user_id, phone) VALUES (2, '+919862851845');
INSERT INTO addresses (address_id, label, address_line, longitude, latitude, is_primary, user_id, pin) VALUES (2, 'Home', 'Block 5, Society 68', 70.535768, 22.227415, TRUE, 2, 360001);
INSERT INTO contacts (user_id, phone) VALUES (3, '+919627084392');
INSERT INTO addresses (address_id, label, address_line, longitude, latitude, is_primary, user_id, pin) VALUES (3, 'Home', 'Block 48, Society 90', 72.95407, 22.792094, TRUE, 3, 380001);
INSERT INTO contacts (user_id, phone) VALUES (4, '+919168971601');
INSERT INTO addresses (address_id, label, address_line, longitude, latitude, is_primary, user_id, pin) VALUES (4, 'Home', 'Block 13, Society 14', 73.455021, 22.918454, TRUE, 4, 360001);
INSERT INTO contacts (user_id, phone) VALUES (5, '+919462191507');
INSERT INTO addresses (address_id, label, address_line, longitude, latitude, is_primary, user_id, pin) VALUES (5, 'Home', 'Block 31, Society 32', 71.01329, 22.454608, TRUE, 5, 390001);
INSERT INTO contacts (user_id, phone) VALUES (6, '+919275976765');
INSERT INTO addresses (address_id, label, address_line, longitude, latitude, is_primary, user_id, pin) VALUES (6, 'Home', 'Block 29, Society 87', 70.652406, 21.052588, TRUE, 6, 360001);
INSERT INTO contacts (user_id, phone) VALUES (7, '+919879530026');
INSERT INTO addresses (address_id, label, address_line, longitude, latitude, is_primary, user_id, pin) VALUES (7, 'Home', 'Block 37, Society 74', 71.377866, 20.042175, TRUE, 7, 380001);
INSERT INTO contacts (user_id, phone) VALUES (8, '+919913207002');
INSERT INTO addresses (address_id, label, address_line, longitude, latitude, is_primary, user_id, pin) VALUES (8, 'Home', 'Block 49, Society 80', 72.565614, 22.313315, TRUE, 8, 380001);
INSERT INTO contacts (user_id, phone) VALUES (9, '+919213343350');
INSERT INTO addresses (address_id, label, address_line, longitude, latitude, is_primary, user_id, pin) VALUES (9, 'Home', 'Block 9, Society 60', 73.975793, 21.981101, TRUE, 9, 360001);
INSERT INTO contacts (user_id, phone) VALUES (10, '+919629062039');
INSERT INTO addresses (address_id, label, address_line, longitude, latitude, is_primary, user_id, pin) VALUES (10, 'Home', 'Block 2, Society 75', 71.526949, 21.123704, TRUE, 10, 382010);
INSERT INTO contacts (user_id, phone) VALUES (11, '+919995133156');
INSERT INTO addresses (address_id, label, address_line, longitude, latitude, is_primary, user_id, pin) VALUES (11, 'Home', 'Block 7, Society 32', 73.056197, 23.932993, TRUE, 11, 382010);
INSERT INTO contacts (user_id, phone) VALUES (12, '+919227394264');
INSERT INTO addresses (address_id, label, address_line, longitude, latitude, is_primary, user_id, pin) VALUES (12, 'Home', 'Block 30, Society 36', 71.5351, 23.865032, TRUE, 12, 395001);
INSERT INTO contacts (user_id, phone) VALUES (13, '+919540567116');
INSERT INTO addresses (address_id, label, address_line, longitude, latitude, is_primary, user_id, pin) VALUES (13, 'Home', 'Block 46, Society 39', 70.668792, 22.561129, TRUE, 13, 395001);
INSERT INTO contacts (user_id, phone) VALUES (14, '+919465891375');
INSERT INTO addresses (address_id, label, address_line, longitude, latitude, is_primary, user_id, pin) VALUES (14, 'Home', 'Block 13, Society 40', 73.243929, 22.590161, TRUE, 14, 382010);
INSERT INTO contacts (user_id, phone) VALUES (15, '+919372941313');
INSERT INTO addresses (address_id, label, address_line, longitude, latitude, is_primary, user_id, pin) VALUES (15, 'Home', 'Block 45, Society 23', 70.548866, 21.738481, TRUE, 15, 360001);
INSERT INTO contacts (user_id, phone) VALUES (16, '+919205600449');
INSERT INTO addresses (address_id, label, address_line, longitude, latitude, is_primary, user_id, pin) VALUES (16, 'Home', 'Block 6, Society 11', 72.209456, 21.29998, TRUE, 16, 360001);
INSERT INTO contacts (user_id, phone) VALUES (17, '+919130551560');
INSERT INTO addresses (address_id, label, address_line, longitude, latitude, is_primary, user_id, pin) VALUES (17, 'Home', 'Block 12, Society 64', 72.780951, 22.283015, TRUE, 17, 360001);
INSERT INTO contacts (user_id, phone) VALUES (18, '+919459137530');
INSERT INTO addresses (address_id, label, address_line, longitude, latitude, is_primary, user_id, pin) VALUES (18, 'Home', 'Block 26, Society 80', 73.670307, 22.731261, TRUE, 18, 390001);
INSERT INTO contacts (user_id, phone) VALUES (19, '+919228280159');
INSERT INTO addresses (address_id, label, address_line, longitude, latitude, is_primary, user_id, pin) VALUES (19, 'Home', 'Block 12, Society 12', 70.020532, 20.541051, TRUE, 19, 390001);
INSERT INTO contacts (user_id, phone) VALUES (20, '+919142389106');
INSERT INTO addresses (address_id, label, address_line, longitude, latitude, is_primary, user_id, pin) VALUES (20, 'Home', 'Block 30, Society 46', 71.918131, 23.476476, TRUE, 20, 382010);
INSERT INTO contacts (user_id, phone) VALUES (21, '+919844548386');
INSERT INTO addresses (address_id, label, address_line, longitude, latitude, is_primary, user_id, pin) VALUES (21, 'Home', 'Block 45, Society 89', 73.130912, 20.194012, TRUE, 21, 360001);
INSERT INTO contacts (user_id, phone) VALUES (22, '+919674518477');
INSERT INTO addresses (address_id, label, address_line, longitude, latitude, is_primary, user_id, pin) VALUES (22, 'Home', 'Block 48, Society 39', 72.004758, 20.753836, TRUE, 22, 382010);
INSERT INTO contacts (user_id, phone) VALUES (23, '+919924043561');
INSERT INTO addresses (address_id, label, address_line, longitude, latitude, is_primary, user_id, pin) VALUES (23, 'Home', 'Block 42, Society 64', 71.846031, 22.590915, TRUE, 23, 382010);
INSERT INTO contacts (user_id, phone) VALUES (24, '+919338249826');
INSERT INTO addresses (address_id, label, address_line, longitude, latitude, is_primary, user_id, pin) VALUES (24, 'Home', 'Block 1, Society 74', 72.899297, 23.907739, TRUE, 24, 382010);
INSERT INTO contacts (user_id, phone) VALUES (25, '+919147037733');
INSERT INTO addresses (address_id, label, address_line, longitude, latitude, is_primary, user_id, pin) VALUES (25, 'Home', 'Block 38, Society 95', 73.836097, 23.888557, TRUE, 25, 382010);
INSERT INTO contacts (user_id, phone) VALUES (26, '+919749855951');
INSERT INTO addresses (address_id, label, address_line, longitude, latitude, is_primary, user_id, pin) VALUES (26, 'Home', 'Block 33, Society 45', 73.715789, 23.77747, TRUE, 26, 380001);
INSERT INTO contacts (user_id, phone) VALUES (27, '+919877941351');
INSERT INTO addresses (address_id, label, address_line, longitude, latitude, is_primary, user_id, pin) VALUES (27, 'Home', 'Block 2, Society 86', 71.976196, 23.327349, TRUE, 27, 360001);
INSERT INTO contacts (user_id, phone) VALUES (28, '+919554502981');
INSERT INTO addresses (address_id, label, address_line, longitude, latitude, is_primary, user_id, pin) VALUES (28, 'Home', 'Block 37, Society 34', 73.000432, 22.881961, TRUE, 28, 360001);
INSERT INTO contacts (user_id, phone) VALUES (29, '+919287302142');
INSERT INTO addresses (address_id, label, address_line, longitude, latitude, is_primary, user_id, pin) VALUES (29, 'Home', 'Block 16, Society 65', 70.40788, 23.325271, TRUE, 29, 390001);
INSERT INTO contacts (user_id, phone) VALUES (30, '+919854664265');
INSERT INTO addresses (address_id, label, address_line, longitude, latitude, is_primary, user_id, pin) VALUES (30, 'Home', 'Block 43, Society 55', 70.311654, 23.194567, TRUE, 30, 395001);
INSERT INTO contacts (user_id, phone) VALUES (31, '+919518418507');
INSERT INTO addresses (address_id, label, address_line, longitude, latitude, is_primary, user_id, pin) VALUES (31, 'Home', 'Block 37, Society 75', 71.512185, 21.058837, TRUE, 31, 390001);
INSERT INTO contacts (user_id, phone) VALUES (32, '+919394955631');
INSERT INTO addresses (address_id, label, address_line, longitude, latitude, is_primary, user_id, pin) VALUES (32, 'Home', 'Block 44, Society 59', 70.968926, 20.077405, TRUE, 32, 395001);
INSERT INTO contacts (user_id, phone) VALUES (33, '+919634026148');
INSERT INTO addresses (address_id, label, address_line, longitude, latitude, is_primary, user_id, pin) VALUES (33, 'Home', 'Block 48, Society 27', 72.123032, 22.110937, TRUE, 33, 390001);
INSERT INTO contacts (user_id, phone) VALUES (34, '+919149857244');
INSERT INTO addresses (address_id, label, address_line, longitude, latitude, is_primary, user_id, pin) VALUES (34, 'Home', 'Block 26, Society 92', 72.272925, 23.410365, TRUE, 34, 382010);
INSERT INTO contacts (user_id, phone) VALUES (35, '+919537275592');
INSERT INTO addresses (address_id, label, address_line, longitude, latitude, is_primary, user_id, pin) VALUES (35, 'Home', 'Block 19, Society 36', 70.780996, 23.739102, TRUE, 35, 360001);
INSERT INTO contacts (user_id, phone) VALUES (36, '+919901309776');
INSERT INTO addresses (address_id, label, address_line, longitude, latitude, is_primary, user_id, pin) VALUES (36, 'Home', 'Block 33, Society 76', 72.70362, 23.320332, TRUE, 36, 382010);
INSERT INTO contacts (user_id, phone) VALUES (37, '+919370110595');
INSERT INTO addresses (address_id, label, address_line, longitude, latitude, is_primary, user_id, pin) VALUES (37, 'Home', 'Block 8, Society 19', 73.95677, 22.441649, TRUE, 37, 390001);
INSERT INTO contacts (user_id, phone) VALUES (38, '+919995935403');
INSERT INTO addresses (address_id, label, address_line, longitude, latitude, is_primary, user_id, pin) VALUES (38, 'Home', 'Block 30, Society 75', 71.757912, 22.113908, TRUE, 38, 382010);
INSERT INTO contacts (user_id, phone) VALUES (39, '+919462039040');
INSERT INTO addresses (address_id, label, address_line, longitude, latitude, is_primary, user_id, pin) VALUES (39, 'Home', 'Block 10, Society 27', 72.403649, 20.476736, TRUE, 39, 360001);
INSERT INTO contacts (user_id, phone) VALUES (40, '+919142197084');
INSERT INTO addresses (address_id, label, address_line, longitude, latitude, is_primary, user_id, pin) VALUES (40, 'Home', 'Block 19, Society 33', 70.055487, 22.310584, TRUE, 40, 395001);
INSERT INTO contacts (user_id, phone) VALUES (41, '+919963056226');
INSERT INTO addresses (address_id, label, address_line, longitude, latitude, is_primary, user_id, pin) VALUES (41, 'Home', 'Block 47, Society 87', 72.528409, 23.607779, TRUE, 41, 382010);
INSERT INTO contacts (user_id, phone) VALUES (42, '+919727497173');
INSERT INTO addresses (address_id, label, address_line, longitude, latitude, is_primary, user_id, pin) VALUES (42, 'Home', 'Block 38, Society 38', 72.730288, 23.09924, TRUE, 42, 382010);
INSERT INTO contacts (user_id, phone) VALUES (43, '+919598007921');
INSERT INTO addresses (address_id, label, address_line, longitude, latitude, is_primary, user_id, pin) VALUES (43, 'Home', 'Block 21, Society 17', 73.269454, 22.219916, TRUE, 43, 380001);
INSERT INTO contacts (user_id, phone) VALUES (44, '+919394161424');
INSERT INTO addresses (address_id, label, address_line, longitude, latitude, is_primary, user_id, pin) VALUES (44, 'Home', 'Block 25, Society 26', 73.528459, 22.142916, TRUE, 44, 380001);
INSERT INTO contacts (user_id, phone) VALUES (45, '+919392440516');
INSERT INTO addresses (address_id, label, address_line, longitude, latitude, is_primary, user_id, pin) VALUES (45, 'Home', 'Block 23, Society 63', 71.426542, 20.127024, TRUE, 45, 395001);
INSERT INTO contacts (user_id, phone) VALUES (46, '+919355570190');
INSERT INTO addresses (address_id, label, address_line, longitude, latitude, is_primary, user_id, pin) VALUES (46, 'Home', 'Block 4, Society 92', 70.9912, 21.419483, TRUE, 46, 390001);
INSERT INTO contacts (user_id, phone) VALUES (47, '+919913455000');
INSERT INTO addresses (address_id, label, address_line, longitude, latitude, is_primary, user_id, pin) VALUES (47, 'Home', 'Block 26, Society 84', 70.938627, 22.144249, TRUE, 47, 382010);
INSERT INTO contacts (user_id, phone) VALUES (48, '+919420045893');
INSERT INTO addresses (address_id, label, address_line, longitude, latitude, is_primary, user_id, pin) VALUES (48, 'Home', 'Block 6, Society 82', 72.023218, 22.27823, TRUE, 48, 360001);
INSERT INTO contacts (user_id, phone) VALUES (49, '+919576053850');
INSERT INTO addresses (address_id, label, address_line, longitude, latitude, is_primary, user_id, pin) VALUES (49, 'Home', 'Block 16, Society 39', 70.796215, 21.868437, TRUE, 49, 382010);
INSERT INTO contacts (user_id, phone) VALUES (50, '+919880691586');
INSERT INTO addresses (address_id, label, address_line, longitude, latitude, is_primary, user_id, pin) VALUES (50, 'Home', 'Block 43, Society 22', 73.770082, 20.436222, TRUE, 50, 395001);

-- ========================
-- BUYERS AND SELLERS
-- ========================
INSERT INTO buyers (buyer_id, user_id) VALUES (1, 1);
INSERT INTO buyers (buyer_id, user_id) VALUES (2, 2);
INSERT INTO buyers (buyer_id, user_id) VALUES (3, 3);
INSERT INTO buyers (buyer_id, user_id) VALUES (4, 4);
INSERT INTO buyers (buyer_id, user_id) VALUES (5, 5);
INSERT INTO buyers (buyer_id, user_id) VALUES (6, 6);
INSERT INTO buyers (buyer_id, user_id) VALUES (7, 7);
INSERT INTO buyers (buyer_id, user_id) VALUES (8, 8);
INSERT INTO buyers (buyer_id, user_id) VALUES (9, 9);
INSERT INTO buyers (buyer_id, user_id) VALUES (10, 10);
INSERT INTO buyers (buyer_id, user_id) VALUES (11, 11);
INSERT INTO buyers (buyer_id, user_id) VALUES (12, 12);
INSERT INTO buyers (buyer_id, user_id) VALUES (13, 13);
INSERT INTO buyers (buyer_id, user_id) VALUES (14, 14);
INSERT INTO buyers (buyer_id, user_id) VALUES (15, 15);
INSERT INTO buyers (buyer_id, user_id) VALUES (16, 16);
INSERT INTO buyers (buyer_id, user_id) VALUES (17, 17);
INSERT INTO buyers (buyer_id, user_id) VALUES (18, 18);
INSERT INTO buyers (buyer_id, user_id) VALUES (19, 19);
INSERT INTO buyers (buyer_id, user_id) VALUES (20, 20);
INSERT INTO buyers (buyer_id, user_id) VALUES (21, 21);
INSERT INTO buyers (buyer_id, user_id) VALUES (22, 22);
INSERT INTO buyers (buyer_id, user_id) VALUES (23, 23);
INSERT INTO buyers (buyer_id, user_id) VALUES (24, 24);
INSERT INTO buyers (buyer_id, user_id) VALUES (25, 25);
INSERT INTO buyers (buyer_id, user_id) VALUES (26, 26);
INSERT INTO buyers (buyer_id, user_id) VALUES (27, 27);
INSERT INTO buyers (buyer_id, user_id) VALUES (28, 28);
INSERT INTO buyers (buyer_id, user_id) VALUES (29, 29);
INSERT INTO buyers (buyer_id, user_id) VALUES (30, 30);
INSERT INTO sellers (seller_id, user_id, seller_rating) VALUES (1, 21, 3.96);
INSERT INTO sellers (seller_id, user_id, seller_rating) VALUES (2, 22, 4.62);
INSERT INTO sellers (seller_id, user_id, seller_rating) VALUES (3, 23, 4.25);
INSERT INTO sellers (seller_id, user_id, seller_rating) VALUES (4, 24, 2.49);
INSERT INTO sellers (seller_id, user_id, seller_rating) VALUES (5, 25, 2.34);
INSERT INTO sellers (seller_id, user_id, seller_rating) VALUES (6, 26, 1.89);
INSERT INTO sellers (seller_id, user_id, seller_rating) VALUES (7, 27, 4.29);
INSERT INTO sellers (seller_id, user_id, seller_rating) VALUES (8, 28, 3.26);
INSERT INTO sellers (seller_id, user_id, seller_rating) VALUES (9, 29, 4.37);
INSERT INTO sellers (seller_id, user_id, seller_rating) VALUES (10, 30, 4.33);
INSERT INTO sellers (seller_id, user_id, seller_rating) VALUES (11, 31, 4.24);
INSERT INTO sellers (seller_id, user_id, seller_rating) VALUES (12, 32, 3.71);
INSERT INTO sellers (seller_id, user_id, seller_rating) VALUES (13, 33, 2.87);
INSERT INTO sellers (seller_id, user_id, seller_rating) VALUES (14, 34, 4.41);
INSERT INTO sellers (seller_id, user_id, seller_rating) VALUES (15, 35, 4.58);
INSERT INTO sellers (seller_id, user_id, seller_rating) VALUES (16, 36, 3.01);
INSERT INTO sellers (seller_id, user_id, seller_rating) VALUES (17, 37, 4.88);
INSERT INTO sellers (seller_id, user_id, seller_rating) VALUES (18, 38, 4.78);
INSERT INTO sellers (seller_id, user_id, seller_rating) VALUES (19, 39, 4.43);
INSERT INTO sellers (seller_id, user_id, seller_rating) VALUES (20, 40, 4.36);
INSERT INTO sellers (seller_id, user_id, seller_rating) VALUES (21, 41, 3.28);
INSERT INTO sellers (seller_id, user_id, seller_rating) VALUES (22, 42, 2.69);
INSERT INTO sellers (seller_id, user_id, seller_rating) VALUES (23, 43, 3.89);
INSERT INTO sellers (seller_id, user_id, seller_rating) VALUES (24, 44, 4.79);
INSERT INTO sellers (seller_id, user_id, seller_rating) VALUES (25, 45, 1.84);
INSERT INTO sellers (seller_id, user_id, seller_rating) VALUES (26, 46, 3.11);
INSERT INTO sellers (seller_id, user_id, seller_rating) VALUES (27, 47, 4.71);
INSERT INTO sellers (seller_id, user_id, seller_rating) VALUES (28, 48, 1.71);
INSERT INTO sellers (seller_id, user_id, seller_rating) VALUES (29, 49, 1.74);
INSERT INTO sellers (seller_id, user_id, seller_rating) VALUES (30, 50, 2.36);

-- ========================
-- PRODUCTS & IMAGES
-- ========================
INSERT INTO products (product_id, pname, description, price, brand, model, condition, status, date_of_listing, address_id, seller_id, category_id) VALUES (1, 'Samsung 43 inch Smart TV', 'Selling my Samsung 43 inch Smart TV in Brand New condition. Works perfectly.', 21075, 'Samsung', 'Smart TV', 'Brand New', 'Available', '2026-01-24', 32, 12, 7);
INSERT INTO product_images (image_url, product_id, is_primary) VALUES ('https://images.olx.in/p_1_1.jpg', 1, TRUE);
INSERT INTO product_images (image_url, product_id, is_primary) VALUES ('https://images.olx.in/p_1_2.jpg', 1, FALSE);
INSERT INTO products (product_id, pname, description, price, brand, model, condition, status, date_of_listing, address_id, seller_id, category_id) VALUES (2, 'Gaming Chair', 'Selling my Gaming Chair in Like New condition. Works perfectly.', 10241, 'Green Soul', 'Monster', 'Like New', 'Available', '2026-01-31', 24, 4, 11);
INSERT INTO product_images (image_url, product_id, is_primary) VALUES ('https://images.olx.in/p_2_1.jpg', 2, TRUE);
INSERT INTO product_images (image_url, product_id, is_primary) VALUES ('https://images.olx.in/p_2_2.jpg', 2, FALSE);
INSERT INTO products (product_id, pname, description, price, brand, model, condition, status, date_of_listing, address_id, seller_id, category_id) VALUES (3, 'Gaming Chair', 'Selling my Gaming Chair in Good condition. Works perfectly.', 10204, 'Green Soul', 'Monster', 'Good', 'Available', '2026-01-16', 34, 14, 11);
INSERT INTO product_images (image_url, product_id, is_primary) VALUES ('https://images.olx.in/p_3_1.jpg', 3, TRUE);
INSERT INTO products (product_id, pname, description, price, brand, model, condition, status, date_of_listing, address_id, seller_id, category_id) VALUES (4, 'Royal Enfield Classic 350', 'Selling my Royal Enfield Classic 350 in Fair condition. Works perfectly.', 122951, 'RE', 'Classic 350', 'Fair', 'Available', '2026-01-02', 42, 22, 8);
INSERT INTO product_images (image_url, product_id, is_primary) VALUES ('https://images.olx.in/p_4_1.jpg', 4, TRUE);
INSERT INTO product_images (image_url, product_id, is_primary) VALUES ('https://images.olx.in/p_4_2.jpg', 4, FALSE);
INSERT INTO products (product_id, pname, description, price, brand, model, condition, status, date_of_listing, address_id, seller_id, category_id) VALUES (5, 'L-Shape Sofa 5 Seater', 'Selling my L-Shape Sofa 5 Seater in Like New condition. Works perfectly.', 37149, 'UrbanLadder', 'Lenza', 'Like New', 'Inactive', '2026-01-28', 30, 10, 12);
INSERT INTO product_images (image_url, product_id, is_primary) VALUES ('https://images.olx.in/p_5_1.jpg', 5, TRUE);
INSERT INTO product_images (image_url, product_id, is_primary) VALUES ('https://images.olx.in/p_5_2.jpg', 5, FALSE);
INSERT INTO products (product_id, pname, description, price, brand, model, condition, status, date_of_listing, address_id, seller_id, category_id) VALUES (6, 'Bajaj Pulsar 150', 'Selling my Bajaj Pulsar 150 in Like New condition. Works perfectly.', 53630, 'Bajaj', 'Pulsar', 'Like New', 'Available', '2026-04-04', 47, 27, 8);
INSERT INTO product_images (image_url, product_id, is_primary) VALUES ('https://images.olx.in/p_6_1.jpg', 6, TRUE);
INSERT INTO products (product_id, pname, description, price, brand, model, condition, status, date_of_listing, address_id, seller_id, category_id) VALUES (7, 'Sony Bravia 55 inch', 'Selling my Sony Bravia 55 inch in Brand New condition. Works perfectly.', 56601, 'Sony', 'Bravia', 'Brand New', 'Available', '2026-02-05', 50, 30, 7);
INSERT INTO product_images (image_url, product_id, is_primary) VALUES ('https://images.olx.in/p_7_1.jpg', 7, TRUE);
INSERT INTO products (product_id, pname, description, price, brand, model, condition, status, date_of_listing, address_id, seller_id, category_id) VALUES (8, 'Samsung 43 inch Smart TV', 'Selling my Samsung 43 inch Smart TV in Good condition. Works perfectly.', 26777, 'Samsung', 'Smart TV', 'Good', 'Available', '2026-03-05', 48, 28, 7);
INSERT INTO product_images (image_url, product_id, is_primary) VALUES ('https://images.olx.in/p_8_1.jpg', 8, TRUE);
INSERT INTO product_images (image_url, product_id, is_primary) VALUES ('https://images.olx.in/p_8_2.jpg', 8, FALSE);
INSERT INTO products (product_id, pname, description, price, brand, model, condition, status, date_of_listing, address_id, seller_id, category_id) VALUES (9, 'Activa 6G', 'Selling my Activa 6G in Good condition. Works perfectly.', 47520, 'Honda', 'Activa 6G', 'Good', 'Inactive', '2026-01-31', 29, 9, 8);
INSERT INTO product_images (image_url, product_id, is_primary) VALUES ('https://images.olx.in/p_9_1.jpg', 9, TRUE);
INSERT INTO products (product_id, pname, description, price, brand, model, condition, status, date_of_listing, address_id, seller_id, category_id) VALUES (10, 'HC Verma Physics', 'Selling my HC Verma Physics in Good condition. Works perfectly.', 384, 'BharatiBhawan', 'N/A', 'Good', 'Available', '2026-03-06', 24, 4, 14);
INSERT INTO product_images (image_url, product_id, is_primary) VALUES ('https://images.olx.in/p_10_1.jpg', 10, TRUE);
INSERT INTO product_images (image_url, product_id, is_primary) VALUES ('https://images.olx.in/p_10_2.jpg', 10, FALSE);
INSERT INTO products (product_id, pname, description, price, brand, model, condition, status, date_of_listing, address_id, seller_id, category_id) VALUES (11, 'Sony Bravia 55 inch', 'Selling my Sony Bravia 55 inch in Fair condition. Works perfectly.', 41213, 'Sony', 'Bravia', 'Fair', 'Available', '2026-03-31', 24, 4, 7);
INSERT INTO product_images (image_url, product_id, is_primary) VALUES ('https://images.olx.in/p_11_1.jpg', 11, TRUE);
INSERT INTO product_images (image_url, product_id, is_primary) VALUES ('https://images.olx.in/p_11_2.jpg', 11, FALSE);
INSERT INTO products (product_id, pname, description, price, brand, model, condition, status, date_of_listing, address_id, seller_id, category_id) VALUES (12, 'Maruti Swift VXi', 'Selling my Maruti Swift VXi in Good condition. Works perfectly.', 459373, 'Maruti', 'Swift', 'Good', 'Available', '2026-02-15', 47, 27, 9);
INSERT INTO product_images (image_url, product_id, is_primary) VALUES ('https://images.olx.in/p_12_1.jpg', 12, TRUE);
INSERT INTO products (product_id, pname, description, price, brand, model, condition, status, date_of_listing, address_id, seller_id, category_id) VALUES (13, 'L-Shape Sofa 5 Seater', 'Selling my L-Shape Sofa 5 Seater in Like New condition. Works perfectly.', 31176, 'UrbanLadder', 'Lenza', 'Like New', 'Available', '2026-02-16', 34, 14, 12);
INSERT INTO product_images (image_url, product_id, is_primary) VALUES ('https://images.olx.in/p_13_1.jpg', 13, TRUE);
INSERT INTO products (product_id, pname, description, price, brand, model, condition, status, date_of_listing, address_id, seller_id, category_id) VALUES (14, 'Samsung 43 inch Smart TV', 'Selling my Samsung 43 inch Smart TV in Like New condition. Works perfectly.', 20200, 'Samsung', 'Smart TV', 'Like New', 'Inactive', '2026-04-09', 37, 17, 7);
INSERT INTO product_images (image_url, product_id, is_primary) VALUES ('https://images.olx.in/p_14_1.jpg', 14, TRUE);
INSERT INTO products (product_id, pname, description, price, brand, model, condition, status, date_of_listing, address_id, seller_id, category_id) VALUES (15, 'King Size Bed with Storage', 'Selling my King Size Bed with Storage in Good condition. Works perfectly.', 24426, 'Godrej', 'Interio', 'Good', 'Available', '2026-04-02', 49, 29, 10);
INSERT INTO product_images (image_url, product_id, is_primary) VALUES ('https://images.olx.in/p_15_1.jpg', 15, TRUE);
INSERT INTO products (product_id, pname, description, price, brand, model, condition, status, date_of_listing, address_id, seller_id, category_id) VALUES (16, 'Redmi Note 12', 'Selling my Redmi Note 12 in Like New condition. Works perfectly.', 14321, 'Xiaomi', 'Note 12', 'Like New', 'Available', '2026-01-31', 24, 4, 5);
INSERT INTO product_images (image_url, product_id, is_primary) VALUES ('https://images.olx.in/p_16_1.jpg', 16, TRUE);
INSERT INTO product_images (image_url, product_id, is_primary) VALUES ('https://images.olx.in/p_16_2.jpg', 16, FALSE);
INSERT INTO products (product_id, pname, description, price, brand, model, condition, status, date_of_listing, address_id, seller_id, category_id) VALUES (17, 'Samsung 43 inch Smart TV', 'Selling my Samsung 43 inch Smart TV in Like New condition. Works perfectly.', 28850, 'Samsung', 'Smart TV', 'Like New', 'Inactive', '2026-02-12', 29, 9, 7);
INSERT INTO product_images (image_url, product_id, is_primary) VALUES ('https://images.olx.in/p_17_1.jpg', 17, TRUE);
INSERT INTO product_images (image_url, product_id, is_primary) VALUES ('https://images.olx.in/p_17_2.jpg', 17, FALSE);
INSERT INTO products (product_id, pname, description, price, brand, model, condition, status, date_of_listing, address_id, seller_id, category_id) VALUES (18, 'Ergonomic Office Chair', 'Selling my Ergonomic Office Chair in Like New condition. Works perfectly.', 4862, 'Nilkamal', 'Ergo', 'Like New', 'Available', '2026-03-13', 45, 25, 11);
INSERT INTO product_images (image_url, product_id, is_primary) VALUES ('https://images.olx.in/p_18_1.jpg', 18, TRUE);
INSERT INTO products (product_id, pname, description, price, brand, model, condition, status, date_of_listing, address_id, seller_id, category_id) VALUES (19, 'Royal Enfield Classic 350', 'Selling my Royal Enfield Classic 350 in Like New condition. Works perfectly.', 123222, 'RE', 'Classic 350', 'Like New', 'Inactive', '2026-03-08', 39, 19, 8);
INSERT INTO product_images (image_url, product_id, is_primary) VALUES ('https://images.olx.in/p_19_1.jpg', 19, TRUE);
INSERT INTO products (product_id, pname, description, price, brand, model, condition, status, date_of_listing, address_id, seller_id, category_id) VALUES (20, 'iPhone 13 Pro', 'Selling my iPhone 13 Pro in Fair condition. Works perfectly.', 46561, 'Apple', '13 Pro', 'Fair', 'Available', '2026-03-21', 37, 17, 5);
INSERT INTO product_images (image_url, product_id, is_primary) VALUES ('https://images.olx.in/p_20_1.jpg', 20, TRUE);
INSERT INTO product_images (image_url, product_id, is_primary) VALUES ('https://images.olx.in/p_20_2.jpg', 20, FALSE);
INSERT INTO products (product_id, pname, description, price, brand, model, condition, status, date_of_listing, address_id, seller_id, category_id) VALUES (21, 'Tata Nexon', 'Selling my Tata Nexon in Good condition. Works perfectly.', 702722, 'Tata', 'Nexon', 'Good', 'Sold', '2026-03-07', 37, 17, 9);
INSERT INTO product_images (image_url, product_id, is_primary) VALUES ('https://images.olx.in/p_21_1.jpg', 21, TRUE);
INSERT INTO products (product_id, pname, description, price, brand, model, condition, status, date_of_listing, address_id, seller_id, category_id) VALUES (22, 'HP Pavilion', 'Selling my HP Pavilion in Brand New condition. Works perfectly.', 35563, 'HP', 'Pavilion', 'Brand New', 'Sold', '2026-01-09', 31, 11, 6);
INSERT INTO product_images (image_url, product_id, is_primary) VALUES ('https://images.olx.in/p_22_1.jpg', 22, TRUE);
INSERT INTO product_images (image_url, product_id, is_primary) VALUES ('https://images.olx.in/p_22_2.jpg', 22, FALSE);
INSERT INTO products (product_id, pname, description, price, brand, model, condition, status, date_of_listing, address_id, seller_id, category_id) VALUES (23, 'Sony Bravia 55 inch', 'Selling my Sony Bravia 55 inch in Good condition. Works perfectly.', 53009, 'Sony', 'Bravia', 'Good', 'Available', '2026-04-09', 45, 25, 7);
INSERT INTO product_images (image_url, product_id, is_primary) VALUES ('https://images.olx.in/p_23_1.jpg', 23, TRUE);
INSERT INTO products (product_id, pname, description, price, brand, model, condition, status, date_of_listing, address_id, seller_id, category_id) VALUES (24, 'Samsung S22', 'Selling my Samsung S22 in Like New condition. Works perfectly.', 37354, 'Samsung', 'S22', 'Like New', 'Available', '2026-03-22', 31, 11, 5);
INSERT INTO product_images (image_url, product_id, is_primary) VALUES ('https://images.olx.in/p_24_1.jpg', 24, TRUE);
INSERT INTO product_images (image_url, product_id, is_primary) VALUES ('https://images.olx.in/p_24_2.jpg', 24, FALSE);
INSERT INTO products (product_id, pname, description, price, brand, model, condition, status, date_of_listing, address_id, seller_id, category_id) VALUES (25, 'Sony Bravia 55 inch', 'Selling my Sony Bravia 55 inch in Like New condition. Works perfectly.', 48048, 'Sony', 'Bravia', 'Like New', 'Available', '2026-02-25', 46, 26, 7);
INSERT INTO product_images (image_url, product_id, is_primary) VALUES ('https://images.olx.in/p_25_1.jpg', 25, TRUE);
INSERT INTO products (product_id, pname, description, price, brand, model, condition, status, date_of_listing, address_id, seller_id, category_id) VALUES (26, 'Hyundai i20', 'Selling my Hyundai i20 in Like New condition. Works perfectly.', 585309, 'Hyundai', 'i20', 'Like New', 'Inactive', '2026-01-05', 25, 5, 9);
INSERT INTO product_images (image_url, product_id, is_primary) VALUES ('https://images.olx.in/p_26_1.jpg', 26, TRUE);
INSERT INTO product_images (image_url, product_id, is_primary) VALUES ('https://images.olx.in/p_26_2.jpg', 26, FALSE);
INSERT INTO products (product_id, pname, description, price, brand, model, condition, status, date_of_listing, address_id, seller_id, category_id) VALUES (27, 'Hyundai i20', 'Selling my Hyundai i20 in Brand New condition. Works perfectly.', 532872, 'Hyundai', 'i20', 'Brand New', 'Sold', '2026-04-04', 26, 6, 9);
INSERT INTO product_images (image_url, product_id, is_primary) VALUES ('https://images.olx.in/p_27_1.jpg', 27, TRUE);
INSERT INTO product_images (image_url, product_id, is_primary) VALUES ('https://images.olx.in/p_27_2.jpg', 27, FALSE);
INSERT INTO products (product_id, pname, description, price, brand, model, condition, status, date_of_listing, address_id, seller_id, category_id) VALUES (28, 'Sony Bravia 55 inch', 'Selling my Sony Bravia 55 inch in Good condition. Works perfectly.', 54488, 'Sony', 'Bravia', 'Good', 'Available', '2026-01-26', 38, 18, 7);
INSERT INTO product_images (image_url, product_id, is_primary) VALUES ('https://images.olx.in/p_28_1.jpg', 28, TRUE);
INSERT INTO products (product_id, pname, description, price, brand, model, condition, status, date_of_listing, address_id, seller_id, category_id) VALUES (29, 'L-Shape Sofa 5 Seater', 'Selling my L-Shape Sofa 5 Seater in Like New condition. Works perfectly.', 32547, 'UrbanLadder', 'Lenza', 'Like New', 'Available', '2026-02-05', 22, 2, 12);
INSERT INTO product_images (image_url, product_id, is_primary) VALUES ('https://images.olx.in/p_29_1.jpg', 29, TRUE);
INSERT INTO products (product_id, pname, description, price, brand, model, condition, status, date_of_listing, address_id, seller_id, category_id) VALUES (30, 'Gaming Chair', 'Selling my Gaming Chair in Like New condition. Works perfectly.', 12165, 'Green Soul', 'Monster', 'Like New', 'Sold', '2026-01-17', 21, 1, 11);
INSERT INTO product_images (image_url, product_id, is_primary) VALUES ('https://images.olx.in/p_30_1.jpg', 30, TRUE);
INSERT INTO products (product_id, pname, description, price, brand, model, condition, status, date_of_listing, address_id, seller_id, category_id) VALUES (31, 'Queen Size Wooden Bed', 'Selling my Queen Size Wooden Bed in Good condition. Works perfectly.', 12970, 'IKEA', 'Malm', 'Good', 'Inactive', '2026-01-08', 23, 3, 10);
INSERT INTO product_images (image_url, product_id, is_primary) VALUES ('https://images.olx.in/p_31_1.jpg', 31, TRUE);
INSERT INTO product_images (image_url, product_id, is_primary) VALUES ('https://images.olx.in/p_31_2.jpg', 31, FALSE);
INSERT INTO products (product_id, pname, description, price, brand, model, condition, status, date_of_listing, address_id, seller_id, category_id) VALUES (32, 'Hyundai i20', 'Selling my Hyundai i20 in Good condition. Works perfectly.', 463258, 'Hyundai', 'i20', 'Good', 'Available', '2026-02-18', 26, 6, 9);
INSERT INTO product_images (image_url, product_id, is_primary) VALUES ('https://images.olx.in/p_32_1.jpg', 32, TRUE);
INSERT INTO products (product_id, pname, description, price, brand, model, condition, status, date_of_listing, address_id, seller_id, category_id) VALUES (33, 'L-Shape Sofa 5 Seater', 'Selling my L-Shape Sofa 5 Seater in Brand New condition. Works perfectly.', 27395, 'UrbanLadder', 'Lenza', 'Brand New', 'Available', '2026-02-16', 21, 1, 12);
INSERT INTO product_images (image_url, product_id, is_primary) VALUES ('https://images.olx.in/p_33_1.jpg', 33, TRUE);
INSERT INTO product_images (image_url, product_id, is_primary) VALUES ('https://images.olx.in/p_33_2.jpg', 33, FALSE);
INSERT INTO products (product_id, pname, description, price, brand, model, condition, status, date_of_listing, address_id, seller_id, category_id) VALUES (34, 'HC Verma Physics', 'Selling my HC Verma Physics in Like New condition. Works perfectly.', 300, 'BharatiBhawan', 'N/A', 'Like New', 'Available', '2026-03-21', 22, 2, 14);
INSERT INTO product_images (image_url, product_id, is_primary) VALUES ('https://images.olx.in/p_34_1.jpg', 34, TRUE);
INSERT INTO product_images (image_url, product_id, is_primary) VALUES ('https://images.olx.in/p_34_2.jpg', 34, FALSE);
INSERT INTO products (product_id, pname, description, price, brand, model, condition, status, date_of_listing, address_id, seller_id, category_id) VALUES (35, 'Dell Inspiron 15', 'Selling my Dell Inspiron 15 in Fair condition. Works perfectly.', 38100, 'Dell', 'Inspiron', 'Fair', 'Available', '2026-02-07', 23, 3, 6);
INSERT INTO product_images (image_url, product_id, is_primary) VALUES ('https://images.olx.in/p_35_1.jpg', 35, TRUE);
INSERT INTO products (product_id, pname, description, price, brand, model, condition, status, date_of_listing, address_id, seller_id, category_id) VALUES (36, 'L-Shape Sofa 5 Seater', 'Selling my L-Shape Sofa 5 Seater in Fair condition. Works perfectly.', 38454, 'UrbanLadder', 'Lenza', 'Fair', 'Inactive', '2026-03-05', 41, 21, 12);
INSERT INTO product_images (image_url, product_id, is_primary) VALUES ('https://images.olx.in/p_36_1.jpg', 36, TRUE);
INSERT INTO products (product_id, pname, description, price, brand, model, condition, status, date_of_listing, address_id, seller_id, category_id) VALUES (37, 'HC Verma Physics', 'Selling my HC Verma Physics in Brand New condition. Works perfectly.', 262, 'BharatiBhawan', 'N/A', 'Brand New', 'Sold', '2026-03-06', 34, 14, 14);
INSERT INTO product_images (image_url, product_id, is_primary) VALUES ('https://images.olx.in/p_37_1.jpg', 37, TRUE);
INSERT INTO products (product_id, pname, description, price, brand, model, condition, status, date_of_listing, address_id, seller_id, category_id) VALUES (38, 'Hyundai i20', 'Selling my Hyundai i20 in Good condition. Works perfectly.', 505051, 'Hyundai', 'i20', 'Good', 'Available', '2026-03-28', 49, 29, 9);
INSERT INTO product_images (image_url, product_id, is_primary) VALUES ('https://images.olx.in/p_38_1.jpg', 38, TRUE);
INSERT INTO product_images (image_url, product_id, is_primary) VALUES ('https://images.olx.in/p_38_2.jpg', 38, FALSE);
INSERT INTO products (product_id, pname, description, price, brand, model, condition, status, date_of_listing, address_id, seller_id, category_id) VALUES (39, 'Atomic Habits', 'Selling my Atomic Habits in Brand New condition. Works perfectly.', 240, 'RandomHouse', 'N/A', 'Brand New', 'Available', '2026-04-06', 46, 26, 13);
INSERT INTO product_images (image_url, product_id, is_primary) VALUES ('https://images.olx.in/p_39_1.jpg', 39, TRUE);
INSERT INTO products (product_id, pname, description, price, brand, model, condition, status, date_of_listing, address_id, seller_id, category_id) VALUES (40, 'L-Shape Sofa 5 Seater', 'Selling my L-Shape Sofa 5 Seater in Like New condition. Works perfectly.', 33581, 'UrbanLadder', 'Lenza', 'Like New', 'Available', '2026-02-19', 37, 17, 12);
INSERT INTO product_images (image_url, product_id, is_primary) VALUES ('https://images.olx.in/p_40_1.jpg', 40, TRUE);
INSERT INTO products (product_id, pname, description, price, brand, model, condition, status, date_of_listing, address_id, seller_id, category_id) VALUES (41, 'iPhone 13 Pro', 'Selling my iPhone 13 Pro in Fair condition. Works perfectly.', 53059, 'Apple', '13 Pro', 'Fair', 'Available', '2026-03-31', 33, 13, 5);
INSERT INTO product_images (image_url, product_id, is_primary) VALUES ('https://images.olx.in/p_41_1.jpg', 41, TRUE);
INSERT INTO product_images (image_url, product_id, is_primary) VALUES ('https://images.olx.in/p_41_2.jpg', 41, FALSE);
INSERT INTO products (product_id, pname, description, price, brand, model, condition, status, date_of_listing, address_id, seller_id, category_id) VALUES (42, 'Activa 6G', 'Selling my Activa 6G in Like New condition. Works perfectly.', 51985, 'Honda', 'Activa 6G', 'Like New', 'Available', '2026-03-16', 30, 10, 8);
INSERT INTO product_images (image_url, product_id, is_primary) VALUES ('https://images.olx.in/p_42_1.jpg', 42, TRUE);
INSERT INTO product_images (image_url, product_id, is_primary) VALUES ('https://images.olx.in/p_42_2.jpg', 42, FALSE);
INSERT INTO products (product_id, pname, description, price, brand, model, condition, status, date_of_listing, address_id, seller_id, category_id) VALUES (43, 'Samsung 43 inch Smart TV', 'Selling my Samsung 43 inch Smart TV in Good condition. Works perfectly.', 24302, 'Samsung', 'Smart TV', 'Good', 'Available', '2026-02-08', 38, 18, 7);
INSERT INTO product_images (image_url, product_id, is_primary) VALUES ('https://images.olx.in/p_43_1.jpg', 43, TRUE);
INSERT INTO product_images (image_url, product_id, is_primary) VALUES ('https://images.olx.in/p_43_2.jpg', 43, FALSE);
INSERT INTO products (product_id, pname, description, price, brand, model, condition, status, date_of_listing, address_id, seller_id, category_id) VALUES (44, 'Activa 6G', 'Selling my Activa 6G in Fair condition. Works perfectly.', 52378, 'Honda', 'Activa 6G', 'Fair', 'Available', '2026-03-08', 28, 8, 8);
INSERT INTO product_images (image_url, product_id, is_primary) VALUES ('https://images.olx.in/p_44_1.jpg', 44, TRUE);
INSERT INTO products (product_id, pname, description, price, brand, model, condition, status, date_of_listing, address_id, seller_id, category_id) VALUES (45, 'Dell Inspiron 15', 'Selling my Dell Inspiron 15 in Good condition. Works perfectly.', 35164, 'Dell', 'Inspiron', 'Good', 'Available', '2026-03-12', 32, 12, 6);
INSERT INTO product_images (image_url, product_id, is_primary) VALUES ('https://images.olx.in/p_45_1.jpg', 45, TRUE);
INSERT INTO product_images (image_url, product_id, is_primary) VALUES ('https://images.olx.in/p_45_2.jpg', 45, FALSE);
INSERT INTO products (product_id, pname, description, price, brand, model, condition, status, date_of_listing, address_id, seller_id, category_id) VALUES (46, 'The Alchemist', 'Selling my The Alchemist in Fair condition. Works perfectly.', 300, 'Harper', 'N/A', 'Fair', 'Inactive', '2026-03-30', 28, 8, 13);
INSERT INTO product_images (image_url, product_id, is_primary) VALUES ('https://images.olx.in/p_46_1.jpg', 46, TRUE);
INSERT INTO product_images (image_url, product_id, is_primary) VALUES ('https://images.olx.in/p_46_2.jpg', 46, FALSE);
INSERT INTO products (product_id, pname, description, price, brand, model, condition, status, date_of_listing, address_id, seller_id, category_id) VALUES (47, 'Gaming Chair', 'Selling my Gaming Chair in Fair condition. Works perfectly.', 12990, 'Green Soul', 'Monster', 'Fair', 'Sold', '2026-02-18', 39, 19, 11);
INSERT INTO product_images (image_url, product_id, is_primary) VALUES ('https://images.olx.in/p_47_1.jpg', 47, TRUE);
INSERT INTO product_images (image_url, product_id, is_primary) VALUES ('https://images.olx.in/p_47_2.jpg', 47, FALSE);
INSERT INTO products (product_id, pname, description, price, brand, model, condition, status, date_of_listing, address_id, seller_id, category_id) VALUES (48, 'Sony Bravia 55 inch', 'Selling my Sony Bravia 55 inch in Like New condition. Works perfectly.', 46755, 'Sony', 'Bravia', 'Like New', 'Sold', '2026-01-22', 42, 22, 7);
INSERT INTO product_images (image_url, product_id, is_primary) VALUES ('https://images.olx.in/p_48_1.jpg', 48, TRUE);
INSERT INTO products (product_id, pname, description, price, brand, model, condition, status, date_of_listing, address_id, seller_id, category_id) VALUES (49, 'Maruti Swift VXi', 'Selling my Maruti Swift VXi in Fair condition. Works perfectly.', 495790, 'Maruti', 'Swift', 'Fair', 'Available', '2026-03-04', 37, 17, 9);
INSERT INTO product_images (image_url, product_id, is_primary) VALUES ('https://images.olx.in/p_49_1.jpg', 49, TRUE);
INSERT INTO product_images (image_url, product_id, is_primary) VALUES ('https://images.olx.in/p_49_2.jpg', 49, FALSE);
INSERT INTO products (product_id, pname, description, price, brand, model, condition, status, date_of_listing, address_id, seller_id, category_id) VALUES (50, 'Queen Size Wooden Bed', 'Selling my Queen Size Wooden Bed in Brand New condition. Works perfectly.', 14043, 'IKEA', 'Malm', 'Brand New', 'Inactive', '2026-03-22', 43, 23, 10);
INSERT INTO product_images (image_url, product_id, is_primary) VALUES ('https://images.olx.in/p_50_1.jpg', 50, TRUE);
INSERT INTO product_images (image_url, product_id, is_primary) VALUES ('https://images.olx.in/p_50_2.jpg', 50, FALSE);
INSERT INTO products (product_id, pname, description, price, brand, model, condition, status, date_of_listing, address_id, seller_id, category_id) VALUES (51, 'MacBook Air M1', 'Selling my MacBook Air M1 in Like New condition. Works perfectly.', 60395, 'Apple', 'Air', 'Like New', 'Available', '2026-02-07', 44, 24, 6);
INSERT INTO product_images (image_url, product_id, is_primary) VALUES ('https://images.olx.in/p_51_1.jpg', 51, TRUE);
INSERT INTO product_images (image_url, product_id, is_primary) VALUES ('https://images.olx.in/p_51_2.jpg', 51, FALSE);
INSERT INTO products (product_id, pname, description, price, brand, model, condition, status, date_of_listing, address_id, seller_id, category_id) VALUES (52, 'Gaming Chair', 'Selling my Gaming Chair in Fair condition. Works perfectly.', 8464, 'Green Soul', 'Monster', 'Fair', 'Inactive', '2026-03-17', 35, 15, 11);
INSERT INTO product_images (image_url, product_id, is_primary) VALUES ('https://images.olx.in/p_52_1.jpg', 52, TRUE);
INSERT INTO products (product_id, pname, description, price, brand, model, condition, status, date_of_listing, address_id, seller_id, category_id) VALUES (53, 'Royal Enfield Classic 350', 'Selling my Royal Enfield Classic 350 in Brand New condition. Works perfectly.', 137012, 'RE', 'Classic 350', 'Brand New', 'Sold', '2026-01-26', 24, 4, 8);
INSERT INTO product_images (image_url, product_id, is_primary) VALUES ('https://images.olx.in/p_53_1.jpg', 53, TRUE);
INSERT INTO product_images (image_url, product_id, is_primary) VALUES ('https://images.olx.in/p_53_2.jpg', 53, FALSE);
INSERT INTO products (product_id, pname, description, price, brand, model, condition, status, date_of_listing, address_id, seller_id, category_id) VALUES (54, 'L-Shape Sofa 5 Seater', 'Selling my L-Shape Sofa 5 Seater in Fair condition. Works perfectly.', 30092, 'UrbanLadder', 'Lenza', 'Fair', 'Available', '2026-01-10', 34, 14, 12);
INSERT INTO product_images (image_url, product_id, is_primary) VALUES ('https://images.olx.in/p_54_1.jpg', 54, TRUE);
INSERT INTO product_images (image_url, product_id, is_primary) VALUES ('https://images.olx.in/p_54_2.jpg', 54, FALSE);
INSERT INTO products (product_id, pname, description, price, brand, model, condition, status, date_of_listing, address_id, seller_id, category_id) VALUES (55, 'Tata Nexon', 'Selling my Tata Nexon in Good condition. Works perfectly.', 688185, 'Tata', 'Nexon', 'Good', 'Available', '2026-03-17', 22, 2, 9);
INSERT INTO product_images (image_url, product_id, is_primary) VALUES ('https://images.olx.in/p_55_1.jpg', 55, TRUE);
INSERT INTO product_images (image_url, product_id, is_primary) VALUES ('https://images.olx.in/p_55_2.jpg', 55, FALSE);
INSERT INTO products (product_id, pname, description, price, brand, model, condition, status, date_of_listing, address_id, seller_id, category_id) VALUES (56, 'King Size Bed with Storage', 'Selling my King Size Bed with Storage in Like New condition. Works perfectly.', 24244, 'Godrej', 'Interio', 'Like New', 'Available', '2026-02-21', 28, 8, 10);
INSERT INTO product_images (image_url, product_id, is_primary) VALUES ('https://images.olx.in/p_56_1.jpg', 56, TRUE);
INSERT INTO product_images (image_url, product_id, is_primary) VALUES ('https://images.olx.in/p_56_2.jpg', 56, FALSE);
INSERT INTO products (product_id, pname, description, price, brand, model, condition, status, date_of_listing, address_id, seller_id, category_id) VALUES (57, 'L-Shape Sofa 5 Seater', 'Selling my L-Shape Sofa 5 Seater in Like New condition. Works perfectly.', 28096, 'UrbanLadder', 'Lenza', 'Like New', 'Available', '2026-03-18', 40, 20, 12);
INSERT INTO product_images (image_url, product_id, is_primary) VALUES ('https://images.olx.in/p_57_1.jpg', 57, TRUE);
INSERT INTO products (product_id, pname, description, price, brand, model, condition, status, date_of_listing, address_id, seller_id, category_id) VALUES (58, 'Activa 6G', 'Selling my Activa 6G in Brand New condition. Works perfectly.', 53389, 'Honda', 'Activa 6G', 'Brand New', 'Available', '2026-03-19', 22, 2, 8);
INSERT INTO product_images (image_url, product_id, is_primary) VALUES ('https://images.olx.in/p_58_1.jpg', 58, TRUE);
INSERT INTO product_images (image_url, product_id, is_primary) VALUES ('https://images.olx.in/p_58_2.jpg', 58, FALSE);
INSERT INTO products (product_id, pname, description, price, brand, model, condition, status, date_of_listing, address_id, seller_id, category_id) VALUES (59, 'Hyundai i20', 'Selling my Hyundai i20 in Good condition. Works perfectly.', 473913, 'Hyundai', 'i20', 'Good', 'Sold', '2026-03-24', 37, 17, 9);
INSERT INTO product_images (image_url, product_id, is_primary) VALUES ('https://images.olx.in/p_59_1.jpg', 59, TRUE);
INSERT INTO product_images (image_url, product_id, is_primary) VALUES ('https://images.olx.in/p_59_2.jpg', 59, FALSE);
INSERT INTO products (product_id, pname, description, price, brand, model, condition, status, date_of_listing, address_id, seller_id, category_id) VALUES (60, 'L-Shape Sofa 5 Seater', 'Selling my L-Shape Sofa 5 Seater in Good condition. Works perfectly.', 37560, 'UrbanLadder', 'Lenza', 'Good', 'Inactive', '2026-02-21', 42, 22, 12);
INSERT INTO product_images (image_url, product_id, is_primary) VALUES ('https://images.olx.in/p_60_1.jpg', 60, TRUE);
INSERT INTO products (product_id, pname, description, price, brand, model, condition, status, date_of_listing, address_id, seller_id, category_id) VALUES (61, 'Ergonomic Office Chair', 'Selling my Ergonomic Office Chair in Like New condition. Works perfectly.', 4787, 'Nilkamal', 'Ergo', 'Like New', 'Available', '2026-03-12', 32, 12, 11);
INSERT INTO product_images (image_url, product_id, is_primary) VALUES ('https://images.olx.in/p_61_1.jpg', 61, TRUE);
INSERT INTO products (product_id, pname, description, price, brand, model, condition, status, date_of_listing, address_id, seller_id, category_id) VALUES (62, 'Tata Nexon', 'Selling my Tata Nexon in Fair condition. Works perfectly.', 772888, 'Tata', 'Nexon', 'Fair', 'Available', '2026-02-21', 29, 9, 9);
INSERT INTO product_images (image_url, product_id, is_primary) VALUES ('https://images.olx.in/p_62_1.jpg', 62, TRUE);
INSERT INTO product_images (image_url, product_id, is_primary) VALUES ('https://images.olx.in/p_62_2.jpg', 62, FALSE);
INSERT INTO products (product_id, pname, description, price, brand, model, condition, status, date_of_listing, address_id, seller_id, category_id) VALUES (63, 'Royal Enfield Classic 350', 'Selling my Royal Enfield Classic 350 in Good condition. Works perfectly.', 143750, 'RE', 'Classic 350', 'Good', 'Available', '2026-01-28', 42, 22, 8);
INSERT INTO product_images (image_url, product_id, is_primary) VALUES ('https://images.olx.in/p_63_1.jpg', 63, TRUE);
INSERT INTO product_images (image_url, product_id, is_primary) VALUES ('https://images.olx.in/p_63_2.jpg', 63, FALSE);
INSERT INTO products (product_id, pname, description, price, brand, model, condition, status, date_of_listing, address_id, seller_id, category_id) VALUES (64, 'iPhone 13 Pro', 'Selling my iPhone 13 Pro in Brand New condition. Works perfectly.', 58348, 'Apple', '13 Pro', 'Brand New', 'Available', '2026-02-06', 34, 14, 5);
INSERT INTO product_images (image_url, product_id, is_primary) VALUES ('https://images.olx.in/p_64_1.jpg', 64, TRUE);
INSERT INTO products (product_id, pname, description, price, brand, model, condition, status, date_of_listing, address_id, seller_id, category_id) VALUES (65, 'RD Sharma Math 12', 'Selling my RD Sharma Math 12 in Fair condition. Works perfectly.', 408, 'DhanpatRai', 'N/A', 'Fair', 'Available', '2026-01-21', 21, 1, 14);
INSERT INTO product_images (image_url, product_id, is_primary) VALUES ('https://images.olx.in/p_65_1.jpg', 65, TRUE);
INSERT INTO products (product_id, pname, description, price, brand, model, condition, status, date_of_listing, address_id, seller_id, category_id) VALUES (66, 'The Alchemist', 'Selling my The Alchemist in Fair condition. Works perfectly.', 209, 'Harper', 'N/A', 'Fair', 'Sold', '2026-01-14', 24, 4, 13);
INSERT INTO product_images (image_url, product_id, is_primary) VALUES ('https://images.olx.in/p_66_1.jpg', 66, TRUE);
INSERT INTO product_images (image_url, product_id, is_primary) VALUES ('https://images.olx.in/p_66_2.jpg', 66, FALSE);
INSERT INTO products (product_id, pname, description, price, brand, model, condition, status, date_of_listing, address_id, seller_id, category_id) VALUES (67, 'Sony Bravia 55 inch', 'Selling my Sony Bravia 55 inch in Fair condition. Works perfectly.', 46468, 'Sony', 'Bravia', 'Fair', 'Available', '2026-01-26', 25, 5, 7);
INSERT INTO product_images (image_url, product_id, is_primary) VALUES ('https://images.olx.in/p_67_1.jpg', 67, TRUE);
INSERT INTO products (product_id, pname, description, price, brand, model, condition, status, date_of_listing, address_id, seller_id, category_id) VALUES (68, 'L-Shape Sofa 5 Seater', 'Selling my L-Shape Sofa 5 Seater in Good condition. Works perfectly.', 33858, 'UrbanLadder', 'Lenza', 'Good', 'Available', '2026-03-21', 50, 30, 12);
INSERT INTO product_images (image_url, product_id, is_primary) VALUES ('https://images.olx.in/p_68_1.jpg', 68, TRUE);
INSERT INTO product_images (image_url, product_id, is_primary) VALUES ('https://images.olx.in/p_68_2.jpg', 68, FALSE);
INSERT INTO products (product_id, pname, description, price, brand, model, condition, status, date_of_listing, address_id, seller_id, category_id) VALUES (69, 'HC Verma Physics', 'Selling my HC Verma Physics in Fair condition. Works perfectly.', 370, 'BharatiBhawan', 'N/A', 'Fair', 'Available', '2026-01-14', 35, 15, 14);
INSERT INTO product_images (image_url, product_id, is_primary) VALUES ('https://images.olx.in/p_69_1.jpg', 69, TRUE);
INSERT INTO product_images (image_url, product_id, is_primary) VALUES ('https://images.olx.in/p_69_2.jpg', 69, FALSE);
INSERT INTO products (product_id, pname, description, price, brand, model, condition, status, date_of_listing, address_id, seller_id, category_id) VALUES (70, 'L-Shape Sofa 5 Seater', 'Selling my L-Shape Sofa 5 Seater in Like New condition. Works perfectly.', 34518, 'UrbanLadder', 'Lenza', 'Like New', 'Available', '2026-02-21', 50, 30, 12);
INSERT INTO product_images (image_url, product_id, is_primary) VALUES ('https://images.olx.in/p_70_1.jpg', 70, TRUE);
INSERT INTO product_images (image_url, product_id, is_primary) VALUES ('https://images.olx.in/p_70_2.jpg', 70, FALSE);
INSERT INTO products (product_id, pname, description, price, brand, model, condition, status, date_of_listing, address_id, seller_id, category_id) VALUES (71, 'HC Verma Physics', 'Selling my HC Verma Physics in Good condition. Works perfectly.', 276, 'BharatiBhawan', 'N/A', 'Good', 'Available', '2026-01-12', 41, 21, 14);
INSERT INTO product_images (image_url, product_id, is_primary) VALUES ('https://images.olx.in/p_71_1.jpg', 71, TRUE);
INSERT INTO products (product_id, pname, description, price, brand, model, condition, status, date_of_listing, address_id, seller_id, category_id) VALUES (72, 'Atomic Habits', 'Selling my Atomic Habits in Like New condition. Works perfectly.', 245, 'RandomHouse', 'N/A', 'Like New', 'Sold', '2026-03-27', 24, 4, 13);
INSERT INTO product_images (image_url, product_id, is_primary) VALUES ('https://images.olx.in/p_72_1.jpg', 72, TRUE);
INSERT INTO products (product_id, pname, description, price, brand, model, condition, status, date_of_listing, address_id, seller_id, category_id) VALUES (73, 'Samsung S22', 'Selling my Samsung S22 in Good condition. Works perfectly.', 45627, 'Samsung', 'S22', 'Good', 'Available', '2026-03-15', 30, 10, 5);
INSERT INTO product_images (image_url, product_id, is_primary) VALUES ('https://images.olx.in/p_73_1.jpg', 73, TRUE);
INSERT INTO products (product_id, pname, description, price, brand, model, condition, status, date_of_listing, address_id, seller_id, category_id) VALUES (74, 'Samsung S22', 'Selling my Samsung S22 in Brand New condition. Works perfectly.', 39612, 'Samsung', 'S22', 'Brand New', 'Available', '2026-03-24', 35, 15, 5);
INSERT INTO product_images (image_url, product_id, is_primary) VALUES ('https://images.olx.in/p_74_1.jpg', 74, TRUE);
INSERT INTO products (product_id, pname, description, price, brand, model, condition, status, date_of_listing, address_id, seller_id, category_id) VALUES (75, 'iPhone 13 Pro', 'Selling my iPhone 13 Pro in Fair condition. Works perfectly.', 56192, 'Apple', '13 Pro', 'Fair', 'Inactive', '2026-04-06', 36, 16, 5);
INSERT INTO product_images (image_url, product_id, is_primary) VALUES ('https://images.olx.in/p_75_1.jpg', 75, TRUE);
INSERT INTO products (product_id, pname, description, price, brand, model, condition, status, date_of_listing, address_id, seller_id, category_id) VALUES (76, 'Redmi Note 12', 'Selling my Redmi Note 12 in Brand New condition. Works perfectly.', 11310, 'Xiaomi', 'Note 12', 'Brand New', 'Available', '2026-03-28', 35, 15, 5);
INSERT INTO product_images (image_url, product_id, is_primary) VALUES ('https://images.olx.in/p_76_1.jpg', 76, TRUE);
INSERT INTO product_images (image_url, product_id, is_primary) VALUES ('https://images.olx.in/p_76_2.jpg', 76, FALSE);
INSERT INTO products (product_id, pname, description, price, brand, model, condition, status, date_of_listing, address_id, seller_id, category_id) VALUES (77, 'L-Shape Sofa 5 Seater', 'Selling my L-Shape Sofa 5 Seater in Brand New condition. Works perfectly.', 28021, 'UrbanLadder', 'Lenza', 'Brand New', 'Available', '2026-02-27', 38, 18, 12);
INSERT INTO product_images (image_url, product_id, is_primary) VALUES ('https://images.olx.in/p_77_1.jpg', 77, TRUE);
INSERT INTO product_images (image_url, product_id, is_primary) VALUES ('https://images.olx.in/p_77_2.jpg', 77, FALSE);
INSERT INTO products (product_id, pname, description, price, brand, model, condition, status, date_of_listing, address_id, seller_id, category_id) VALUES (78, 'Samsung 43 inch Smart TV', 'Selling my Samsung 43 inch Smart TV in Brand New condition. Works perfectly.', 21615, 'Samsung', 'Smart TV', 'Brand New', 'Available', '2026-04-03', 21, 1, 7);
INSERT INTO product_images (image_url, product_id, is_primary) VALUES ('https://images.olx.in/p_78_1.jpg', 78, TRUE);
INSERT INTO products (product_id, pname, description, price, brand, model, condition, status, date_of_listing, address_id, seller_id, category_id) VALUES (79, 'Sony Bravia 55 inch', 'Selling my Sony Bravia 55 inch in Fair condition. Works perfectly.', 43303, 'Sony', 'Bravia', 'Fair', 'Inactive', '2026-03-09', 41, 21, 7);
INSERT INTO product_images (image_url, product_id, is_primary) VALUES ('https://images.olx.in/p_79_1.jpg', 79, TRUE);
INSERT INTO products (product_id, pname, description, price, brand, model, condition, status, date_of_listing, address_id, seller_id, category_id) VALUES (80, 'L-Shape Sofa 5 Seater', 'Selling my L-Shape Sofa 5 Seater in Brand New condition. Works perfectly.', 34119, 'UrbanLadder', 'Lenza', 'Brand New', 'Sold', '2026-03-16', 49, 29, 12);
INSERT INTO product_images (image_url, product_id, is_primary) VALUES ('https://images.olx.in/p_80_1.jpg', 80, TRUE);
INSERT INTO product_images (image_url, product_id, is_primary) VALUES ('https://images.olx.in/p_80_2.jpg', 80, FALSE);
INSERT INTO products (product_id, pname, description, price, brand, model, condition, status, date_of_listing, address_id, seller_id, category_id) VALUES (81, 'Royal Enfield Classic 350', 'Selling my Royal Enfield Classic 350 in Fair condition. Works perfectly.', 138746, 'RE', 'Classic 350', 'Fair', 'Available', '2026-03-26', 33, 13, 8);
INSERT INTO product_images (image_url, product_id, is_primary) VALUES ('https://images.olx.in/p_81_1.jpg', 81, TRUE);
INSERT INTO product_images (image_url, product_id, is_primary) VALUES ('https://images.olx.in/p_81_2.jpg', 81, FALSE);
INSERT INTO products (product_id, pname, description, price, brand, model, condition, status, date_of_listing, address_id, seller_id, category_id) VALUES (82, 'RD Sharma Math 12', 'Selling my RD Sharma Math 12 in Fair condition. Works perfectly.', 420, 'DhanpatRai', 'N/A', 'Fair', 'Available', '2026-03-10', 46, 26, 14);
INSERT INTO product_images (image_url, product_id, is_primary) VALUES ('https://images.olx.in/p_82_1.jpg', 82, TRUE);
INSERT INTO product_images (image_url, product_id, is_primary) VALUES ('https://images.olx.in/p_82_2.jpg', 82, FALSE);
INSERT INTO products (product_id, pname, description, price, brand, model, condition, status, date_of_listing, address_id, seller_id, category_id) VALUES (83, 'HC Verma Physics', 'Selling my HC Verma Physics in Fair condition. Works perfectly.', 379, 'BharatiBhawan', 'N/A', 'Fair', 'Available', '2026-03-13', 24, 4, 14);
INSERT INTO product_images (image_url, product_id, is_primary) VALUES ('https://images.olx.in/p_83_1.jpg', 83, TRUE);
INSERT INTO products (product_id, pname, description, price, brand, model, condition, status, date_of_listing, address_id, seller_id, category_id) VALUES (84, 'Sony Bravia 55 inch', 'Selling my Sony Bravia 55 inch in Good condition. Works perfectly.', 40299, 'Sony', 'Bravia', 'Good', 'Available', '2026-04-07', 23, 3, 7);
INSERT INTO product_images (image_url, product_id, is_primary) VALUES ('https://images.olx.in/p_84_1.jpg', 84, TRUE);
INSERT INTO products (product_id, pname, description, price, brand, model, condition, status, date_of_listing, address_id, seller_id, category_id) VALUES (85, 'Dell Inspiron 15', 'Selling my Dell Inspiron 15 in Brand New condition. Works perfectly.', 30222, 'Dell', 'Inspiron', 'Brand New', 'Available', '2026-01-07', 40, 20, 6);
INSERT INTO product_images (image_url, product_id, is_primary) VALUES ('https://images.olx.in/p_85_1.jpg', 85, TRUE);
INSERT INTO product_images (image_url, product_id, is_primary) VALUES ('https://images.olx.in/p_85_2.jpg', 85, FALSE);
INSERT INTO products (product_id, pname, description, price, brand, model, condition, status, date_of_listing, address_id, seller_id, category_id) VALUES (86, 'RD Sharma Math 12', 'Selling my RD Sharma Math 12 in Brand New condition. Works perfectly.', 440, 'DhanpatRai', 'N/A', 'Brand New', 'Available', '2026-03-12', 23, 3, 14);
INSERT INTO product_images (image_url, product_id, is_primary) VALUES ('https://images.olx.in/p_86_1.jpg', 86, TRUE);
INSERT INTO products (product_id, pname, description, price, brand, model, condition, status, date_of_listing, address_id, seller_id, category_id) VALUES (87, 'Gaming Chair', 'Selling my Gaming Chair in Fair condition. Works perfectly.', 9490, 'Green Soul', 'Monster', 'Fair', 'Inactive', '2026-02-23', 31, 11, 11);
INSERT INTO product_images (image_url, product_id, is_primary) VALUES ('https://images.olx.in/p_87_1.jpg', 87, TRUE);
INSERT INTO product_images (image_url, product_id, is_primary) VALUES ('https://images.olx.in/p_87_2.jpg', 87, FALSE);
INSERT INTO products (product_id, pname, description, price, brand, model, condition, status, date_of_listing, address_id, seller_id, category_id) VALUES (88, 'L-Shape Sofa 5 Seater', 'Selling my L-Shape Sofa 5 Seater in Good condition. Works perfectly.', 28596, 'UrbanLadder', 'Lenza', 'Good', 'Available', '2026-03-04', 29, 9, 12);
INSERT INTO product_images (image_url, product_id, is_primary) VALUES ('https://images.olx.in/p_88_1.jpg', 88, TRUE);
INSERT INTO product_images (image_url, product_id, is_primary) VALUES ('https://images.olx.in/p_88_2.jpg', 88, FALSE);
INSERT INTO products (product_id, pname, description, price, brand, model, condition, status, date_of_listing, address_id, seller_id, category_id) VALUES (89, 'iPhone 13 Pro', 'Selling my iPhone 13 Pro in Good condition. Works perfectly.', 58794, 'Apple', '13 Pro', 'Good', 'Sold', '2026-01-05', 34, 14, 5);
INSERT INTO product_images (image_url, product_id, is_primary) VALUES ('https://images.olx.in/p_89_1.jpg', 89, TRUE);
INSERT INTO products (product_id, pname, description, price, brand, model, condition, status, date_of_listing, address_id, seller_id, category_id) VALUES (90, 'Hyundai i20', 'Selling my Hyundai i20 in Like New condition. Works perfectly.', 544534, 'Hyundai', 'i20', 'Like New', 'Available', '2026-04-06', 42, 22, 9);
INSERT INTO product_images (image_url, product_id, is_primary) VALUES ('https://images.olx.in/p_90_1.jpg', 90, TRUE);
INSERT INTO product_images (image_url, product_id, is_primary) VALUES ('https://images.olx.in/p_90_2.jpg', 90, FALSE);
INSERT INTO products (product_id, pname, description, price, brand, model, condition, status, date_of_listing, address_id, seller_id, category_id) VALUES (91, 'iPhone 13 Pro', 'Selling my iPhone 13 Pro in Good condition. Works perfectly.', 55841, 'Apple', '13 Pro', 'Good', 'Sold', '2026-01-15', 28, 8, 5);
INSERT INTO product_images (image_url, product_id, is_primary) VALUES ('https://images.olx.in/p_91_1.jpg', 91, TRUE);
INSERT INTO product_images (image_url, product_id, is_primary) VALUES ('https://images.olx.in/p_91_2.jpg', 91, FALSE);
INSERT INTO products (product_id, pname, description, price, brand, model, condition, status, date_of_listing, address_id, seller_id, category_id) VALUES (92, 'Dell Inspiron 15', 'Selling my Dell Inspiron 15 in Fair condition. Works perfectly.', 34647, 'Dell', 'Inspiron', 'Fair', 'Available', '2026-01-01', 34, 14, 6);
INSERT INTO product_images (image_url, product_id, is_primary) VALUES ('https://images.olx.in/p_92_1.jpg', 92, TRUE);
INSERT INTO product_images (image_url, product_id, is_primary) VALUES ('https://images.olx.in/p_92_2.jpg', 92, FALSE);
INSERT INTO products (product_id, pname, description, price, brand, model, condition, status, date_of_listing, address_id, seller_id, category_id) VALUES (93, 'King Size Bed with Storage', 'Selling my King Size Bed with Storage in Good condition. Works perfectly.', 20302, 'Godrej', 'Interio', 'Good', 'Sold', '2026-01-19', 35, 15, 10);
INSERT INTO product_images (image_url, product_id, is_primary) VALUES ('https://images.olx.in/p_93_1.jpg', 93, TRUE);
INSERT INTO product_images (image_url, product_id, is_primary) VALUES ('https://images.olx.in/p_93_2.jpg', 93, FALSE);
INSERT INTO products (product_id, pname, description, price, brand, model, condition, status, date_of_listing, address_id, seller_id, category_id) VALUES (94, 'Royal Enfield Classic 350', 'Selling my Royal Enfield Classic 350 in Fair condition. Works perfectly.', 127109, 'RE', 'Classic 350', 'Fair', 'Available', '2026-02-24', 47, 27, 8);
INSERT INTO product_images (image_url, product_id, is_primary) VALUES ('https://images.olx.in/p_94_1.jpg', 94, TRUE);
INSERT INTO products (product_id, pname, description, price, brand, model, condition, status, date_of_listing, address_id, seller_id, category_id) VALUES (95, 'HP Pavilion', 'Selling my HP Pavilion in Fair condition. Works perfectly.', 37439, 'HP', 'Pavilion', 'Fair', 'Available', '2026-01-15', 48, 28, 6);
INSERT INTO product_images (image_url, product_id, is_primary) VALUES ('https://images.olx.in/p_95_1.jpg', 95, TRUE);
INSERT INTO product_images (image_url, product_id, is_primary) VALUES ('https://images.olx.in/p_95_2.jpg', 95, FALSE);
INSERT INTO products (product_id, pname, description, price, brand, model, condition, status, date_of_listing, address_id, seller_id, category_id) VALUES (96, 'Samsung 43 inch Smart TV', 'Selling my Samsung 43 inch Smart TV in Fair condition. Works perfectly.', 23785, 'Samsung', 'Smart TV', 'Fair', 'Available', '2026-02-23', 32, 12, 7);
INSERT INTO product_images (image_url, product_id, is_primary) VALUES ('https://images.olx.in/p_96_1.jpg', 96, TRUE);
INSERT INTO products (product_id, pname, description, price, brand, model, condition, status, date_of_listing, address_id, seller_id, category_id) VALUES (97, 'Bajaj Pulsar 150', 'Selling my Bajaj Pulsar 150 in Brand New condition. Works perfectly.', 50020, 'Bajaj', 'Pulsar', 'Brand New', 'Available', '2026-03-05', 29, 9, 8);
INSERT INTO product_images (image_url, product_id, is_primary) VALUES ('https://images.olx.in/p_97_1.jpg', 97, TRUE);
INSERT INTO products (product_id, pname, description, price, brand, model, condition, status, date_of_listing, address_id, seller_id, category_id) VALUES (98, 'Gaming Chair', 'Selling my Gaming Chair in Fair condition. Works perfectly.', 12887, 'Green Soul', 'Monster', 'Fair', 'Inactive', '2026-01-17', 33, 13, 11);
INSERT INTO product_images (image_url, product_id, is_primary) VALUES ('https://images.olx.in/p_98_1.jpg', 98, TRUE);
INSERT INTO product_images (image_url, product_id, is_primary) VALUES ('https://images.olx.in/p_98_2.jpg', 98, FALSE);
INSERT INTO products (product_id, pname, description, price, brand, model, condition, status, date_of_listing, address_id, seller_id, category_id) VALUES (99, 'HC Verma Physics', 'Selling my HC Verma Physics in Like New condition. Works perfectly.', 256, 'BharatiBhawan', 'N/A', 'Like New', 'Available', '2026-03-04', 47, 27, 14);
INSERT INTO product_images (image_url, product_id, is_primary) VALUES ('https://images.olx.in/p_99_1.jpg', 99, TRUE);
INSERT INTO products (product_id, pname, description, price, brand, model, condition, status, date_of_listing, address_id, seller_id, category_id) VALUES (100, 'King Size Bed with Storage', 'Selling my King Size Bed with Storage in Brand New condition. Works perfectly.', 18076, 'Godrej', 'Interio', 'Brand New', 'Available', '2026-01-11', 45, 25, 10);
INSERT INTO product_images (image_url, product_id, is_primary) VALUES ('https://images.olx.in/p_100_1.jpg', 100, TRUE);
INSERT INTO products (product_id, pname, description, price, brand, model, condition, status, date_of_listing, address_id, seller_id, category_id) VALUES (101, 'iPhone 13 Pro', 'Selling my iPhone 13 Pro in Good condition. Works perfectly.', 57739, 'Apple', '13 Pro', 'Good', 'Available', '2026-01-23', 28, 8, 5);
INSERT INTO product_images (image_url, product_id, is_primary) VALUES ('https://images.olx.in/p_101_1.jpg', 101, TRUE);
INSERT INTO product_images (image_url, product_id, is_primary) VALUES ('https://images.olx.in/p_101_2.jpg', 101, FALSE);
INSERT INTO products (product_id, pname, description, price, brand, model, condition, status, date_of_listing, address_id, seller_id, category_id) VALUES (102, 'The Alchemist', 'Selling my The Alchemist in Fair condition. Works perfectly.', 185, 'Harper', 'N/A', 'Fair', 'Available', '2026-03-10', 49, 29, 13);
INSERT INTO product_images (image_url, product_id, is_primary) VALUES ('https://images.olx.in/p_102_1.jpg', 102, TRUE);
INSERT INTO product_images (image_url, product_id, is_primary) VALUES ('https://images.olx.in/p_102_2.jpg', 102, FALSE);
INSERT INTO products (product_id, pname, description, price, brand, model, condition, status, date_of_listing, address_id, seller_id, category_id) VALUES (103, 'Ergonomic Office Chair', 'Selling my Ergonomic Office Chair in Fair condition. Works perfectly.', 5695, 'Nilkamal', 'Ergo', 'Fair', 'Sold', '2026-01-08', 37, 17, 11);
INSERT INTO product_images (image_url, product_id, is_primary) VALUES ('https://images.olx.in/p_103_1.jpg', 103, TRUE);
INSERT INTO products (product_id, pname, description, price, brand, model, condition, status, date_of_listing, address_id, seller_id, category_id) VALUES (104, 'Hyundai i20', 'Selling my Hyundai i20 in Good condition. Works perfectly.', 473951, 'Hyundai', 'i20', 'Good', 'Available', '2026-01-19', 47, 27, 9);
INSERT INTO product_images (image_url, product_id, is_primary) VALUES ('https://images.olx.in/p_104_1.jpg', 104, TRUE);
INSERT INTO products (product_id, pname, description, price, brand, model, condition, status, date_of_listing, address_id, seller_id, category_id) VALUES (105, 'Gaming Chair', 'Selling my Gaming Chair in Brand New condition. Works perfectly.', 11188, 'Green Soul', 'Monster', 'Brand New', 'Available', '2026-03-21', 48, 28, 11);
INSERT INTO product_images (image_url, product_id, is_primary) VALUES ('https://images.olx.in/p_105_1.jpg', 105, TRUE);
INSERT INTO product_images (image_url, product_id, is_primary) VALUES ('https://images.olx.in/p_105_2.jpg', 105, FALSE);
INSERT INTO products (product_id, pname, description, price, brand, model, condition, status, date_of_listing, address_id, seller_id, category_id) VALUES (106, 'L-Shape Sofa 5 Seater', 'Selling my L-Shape Sofa 5 Seater in Like New condition. Works perfectly.', 30733, 'UrbanLadder', 'Lenza', 'Like New', 'Available', '2026-02-14', 33, 13, 12);
INSERT INTO product_images (image_url, product_id, is_primary) VALUES ('https://images.olx.in/p_106_1.jpg', 106, TRUE);
INSERT INTO products (product_id, pname, description, price, brand, model, condition, status, date_of_listing, address_id, seller_id, category_id) VALUES (107, 'RD Sharma Math 12', 'Selling my RD Sharma Math 12 in Good condition. Works perfectly.', 343, 'DhanpatRai', 'N/A', 'Good', 'Inactive', '2026-02-02', 28, 8, 14);
INSERT INTO product_images (image_url, product_id, is_primary) VALUES ('https://images.olx.in/p_107_1.jpg', 107, TRUE);
INSERT INTO product_images (image_url, product_id, is_primary) VALUES ('https://images.olx.in/p_107_2.jpg', 107, FALSE);
INSERT INTO products (product_id, pname, description, price, brand, model, condition, status, date_of_listing, address_id, seller_id, category_id) VALUES (108, 'RD Sharma Math 12', 'Selling my RD Sharma Math 12 in Like New condition. Works perfectly.', 414, 'DhanpatRai', 'N/A', 'Like New', 'Available', '2026-03-11', 47, 27, 14);
INSERT INTO product_images (image_url, product_id, is_primary) VALUES ('https://images.olx.in/p_108_1.jpg', 108, TRUE);
INSERT INTO product_images (image_url, product_id, is_primary) VALUES ('https://images.olx.in/p_108_2.jpg', 108, FALSE);
INSERT INTO products (product_id, pname, description, price, brand, model, condition, status, date_of_listing, address_id, seller_id, category_id) VALUES (109, 'Gaming Chair', 'Selling my Gaming Chair in Fair condition. Works perfectly.', 11918, 'Green Soul', 'Monster', 'Fair', 'Available', '2026-02-14', 21, 1, 11);
INSERT INTO product_images (image_url, product_id, is_primary) VALUES ('https://images.olx.in/p_109_1.jpg', 109, TRUE);
INSERT INTO products (product_id, pname, description, price, brand, model, condition, status, date_of_listing, address_id, seller_id, category_id) VALUES (110, 'Queen Size Wooden Bed', 'Selling my Queen Size Wooden Bed in Like New condition. Works perfectly.', 12338, 'IKEA', 'Malm', 'Like New', 'Available', '2026-01-05', 35, 15, 10);
INSERT INTO product_images (image_url, product_id, is_primary) VALUES ('https://images.olx.in/p_110_1.jpg', 110, TRUE);
INSERT INTO products (product_id, pname, description, price, brand, model, condition, status, date_of_listing, address_id, seller_id, category_id) VALUES (111, 'iPhone 13 Pro', 'Selling my iPhone 13 Pro in Good condition. Works perfectly.', 50495, 'Apple', '13 Pro', 'Good', 'Available', '2026-02-04', 33, 13, 5);
INSERT INTO product_images (image_url, product_id, is_primary) VALUES ('https://images.olx.in/p_111_1.jpg', 111, TRUE);
INSERT INTO products (product_id, pname, description, price, brand, model, condition, status, date_of_listing, address_id, seller_id, category_id) VALUES (112, 'Samsung 43 inch Smart TV', 'Selling my Samsung 43 inch Smart TV in Like New condition. Works perfectly.', 24926, 'Samsung', 'Smart TV', 'Like New', 'Available', '2026-03-02', 41, 21, 7);
INSERT INTO product_images (image_url, product_id, is_primary) VALUES ('https://images.olx.in/p_112_1.jpg', 112, TRUE);
INSERT INTO product_images (image_url, product_id, is_primary) VALUES ('https://images.olx.in/p_112_2.jpg', 112, FALSE);
INSERT INTO products (product_id, pname, description, price, brand, model, condition, status, date_of_listing, address_id, seller_id, category_id) VALUES (113, 'Bajaj Pulsar 150', 'Selling my Bajaj Pulsar 150 in Like New condition. Works perfectly.', 52038, 'Bajaj', 'Pulsar', 'Like New', 'Available', '2026-03-17', 27, 7, 8);
INSERT INTO product_images (image_url, product_id, is_primary) VALUES ('https://images.olx.in/p_113_1.jpg', 113, TRUE);
INSERT INTO product_images (image_url, product_id, is_primary) VALUES ('https://images.olx.in/p_113_2.jpg', 113, FALSE);
INSERT INTO products (product_id, pname, description, price, brand, model, condition, status, date_of_listing, address_id, seller_id, category_id) VALUES (114, 'Sony Bravia 55 inch', 'Selling my Sony Bravia 55 inch in Brand New condition. Works perfectly.', 55950, 'Sony', 'Bravia', 'Brand New', 'Inactive', '2026-02-13', 21, 1, 7);
INSERT INTO product_images (image_url, product_id, is_primary) VALUES ('https://images.olx.in/p_114_1.jpg', 114, TRUE);
INSERT INTO products (product_id, pname, description, price, brand, model, condition, status, date_of_listing, address_id, seller_id, category_id) VALUES (115, 'Ergonomic Office Chair', 'Selling my Ergonomic Office Chair in Brand New condition. Works perfectly.', 3866, 'Nilkamal', 'Ergo', 'Brand New', 'Inactive', '2026-02-18', 40, 20, 11);
INSERT INTO product_images (image_url, product_id, is_primary) VALUES ('https://images.olx.in/p_115_1.jpg', 115, TRUE);
INSERT INTO products (product_id, pname, description, price, brand, model, condition, status, date_of_listing, address_id, seller_id, category_id) VALUES (116, 'King Size Bed with Storage', 'Selling my King Size Bed with Storage in Fair condition. Works perfectly.', 18451, 'Godrej', 'Interio', 'Fair', 'Available', '2026-01-11', 32, 12, 10);
INSERT INTO product_images (image_url, product_id, is_primary) VALUES ('https://images.olx.in/p_116_1.jpg', 116, TRUE);
INSERT INTO product_images (image_url, product_id, is_primary) VALUES ('https://images.olx.in/p_116_2.jpg', 116, FALSE);
INSERT INTO products (product_id, pname, description, price, brand, model, condition, status, date_of_listing, address_id, seller_id, category_id) VALUES (117, 'Sony Bravia 55 inch', 'Selling my Sony Bravia 55 inch in Like New condition. Works perfectly.', 41559, 'Sony', 'Bravia', 'Like New', 'Available', '2026-01-17', 35, 15, 7);
INSERT INTO product_images (image_url, product_id, is_primary) VALUES ('https://images.olx.in/p_117_1.jpg', 117, TRUE);
INSERT INTO products (product_id, pname, description, price, brand, model, condition, status, date_of_listing, address_id, seller_id, category_id) VALUES (118, 'Queen Size Wooden Bed', 'Selling my Queen Size Wooden Bed in Brand New condition. Works perfectly.', 17902, 'IKEA', 'Malm', 'Brand New', 'Available', '2026-01-13', 27, 7, 10);
INSERT INTO product_images (image_url, product_id, is_primary) VALUES ('https://images.olx.in/p_118_1.jpg', 118, TRUE);
INSERT INTO product_images (image_url, product_id, is_primary) VALUES ('https://images.olx.in/p_118_2.jpg', 118, FALSE);
INSERT INTO products (product_id, pname, description, price, brand, model, condition, status, date_of_listing, address_id, seller_id, category_id) VALUES (119, 'HC Verma Physics', 'Selling my HC Verma Physics in Like New condition. Works perfectly.', 380, 'BharatiBhawan', 'N/A', 'Like New', 'Available', '2026-01-24', 33, 13, 14);
INSERT INTO product_images (image_url, product_id, is_primary) VALUES ('https://images.olx.in/p_119_1.jpg', 119, TRUE);
INSERT INTO products (product_id, pname, description, price, brand, model, condition, status, date_of_listing, address_id, seller_id, category_id) VALUES (120, 'Atomic Habits', 'Selling my Atomic Habits in Like New condition. Works perfectly.', 381, 'RandomHouse', 'N/A', 'Like New', 'Available', '2026-02-06', 23, 3, 13);
INSERT INTO product_images (image_url, product_id, is_primary) VALUES ('https://images.olx.in/p_120_1.jpg', 120, TRUE);

-- ========================
-- WISHLIST & ITEMS
-- ========================
INSERT INTO wishlists (wishlist_id, wishlist_name, created_date, user_id) VALUES (1, 'My Favorites', '2026-03-28', 1);
INSERT INTO wishlist_items (product_id, wishlist_id) VALUES (71, 1);
INSERT INTO wishlist_items (product_id, wishlist_id) VALUES (55, 1);
INSERT INTO wishlist_items (product_id, wishlist_id) VALUES (4, 1);
INSERT INTO wishlist_items (product_id, wishlist_id) VALUES (95, 1);
INSERT INTO wishlists (wishlist_id, wishlist_name, created_date, user_id) VALUES (2, 'My Favorites', '2026-03-29', 2);
INSERT INTO wishlist_items (product_id, wishlist_id) VALUES (32, 2);
INSERT INTO wishlist_items (product_id, wishlist_id) VALUES (37, 2);
INSERT INTO wishlist_items (product_id, wishlist_id) VALUES (107, 2);
INSERT INTO wishlist_items (product_id, wishlist_id) VALUES (15, 2);
INSERT INTO wishlist_items (product_id, wishlist_id) VALUES (76, 2);
INSERT INTO wishlists (wishlist_id, wishlist_name, created_date, user_id) VALUES (3, 'My Favorites', '2026-02-13', 3);
INSERT INTO wishlist_items (product_id, wishlist_id) VALUES (41, 3);
INSERT INTO wishlist_items (product_id, wishlist_id) VALUES (32, 3);
INSERT INTO wishlist_items (product_id, wishlist_id) VALUES (68, 3);
INSERT INTO wishlist_items (product_id, wishlist_id) VALUES (92, 3);
INSERT INTO wishlists (wishlist_id, wishlist_name, created_date, user_id) VALUES (4, 'My Favorites', '2026-02-22', 4);
INSERT INTO wishlist_items (product_id, wishlist_id) VALUES (31, 4);
INSERT INTO wishlist_items (product_id, wishlist_id) VALUES (63, 4);
INSERT INTO wishlist_items (product_id, wishlist_id) VALUES (13, 4);
INSERT INTO wishlists (wishlist_id, wishlist_name, created_date, user_id) VALUES (5, 'My Favorites', '2026-02-27', 5);
INSERT INTO wishlist_items (product_id, wishlist_id) VALUES (2, 5);
INSERT INTO wishlist_items (product_id, wishlist_id) VALUES (54, 5);
INSERT INTO wishlist_items (product_id, wishlist_id) VALUES (94, 5);
INSERT INTO wishlist_items (product_id, wishlist_id) VALUES (20, 5);
INSERT INTO wishlists (wishlist_id, wishlist_name, created_date, user_id) VALUES (6, 'My Favorites', '2026-01-25', 6);
INSERT INTO wishlist_items (product_id, wishlist_id) VALUES (103, 6);
INSERT INTO wishlist_items (product_id, wishlist_id) VALUES (108, 6);
INSERT INTO wishlist_items (product_id, wishlist_id) VALUES (90, 6);
INSERT INTO wishlist_items (product_id, wishlist_id) VALUES (59, 6);
INSERT INTO wishlists (wishlist_id, wishlist_name, created_date, user_id) VALUES (7, 'My Favorites', '2026-03-07', 7);
INSERT INTO wishlist_items (product_id, wishlist_id) VALUES (59, 7);
INSERT INTO wishlist_items (product_id, wishlist_id) VALUES (6, 7);
INSERT INTO wishlist_items (product_id, wishlist_id) VALUES (38, 7);
INSERT INTO wishlists (wishlist_id, wishlist_name, created_date, user_id) VALUES (8, 'My Favorites', '2026-02-15', 8);
INSERT INTO wishlist_items (product_id, wishlist_id) VALUES (58, 8);
INSERT INTO wishlist_items (product_id, wishlist_id) VALUES (25, 8);
INSERT INTO wishlist_items (product_id, wishlist_id) VALUES (108, 8);
INSERT INTO wishlist_items (product_id, wishlist_id) VALUES (14, 8);
INSERT INTO wishlists (wishlist_id, wishlist_name, created_date, user_id) VALUES (9, 'My Favorites', '2026-01-26', 9);
INSERT INTO wishlist_items (product_id, wishlist_id) VALUES (37, 9);
INSERT INTO wishlist_items (product_id, wishlist_id) VALUES (48, 9);
INSERT INTO wishlist_items (product_id, wishlist_id) VALUES (29, 9);
INSERT INTO wishlist_items (product_id, wishlist_id) VALUES (113, 9);
INSERT INTO wishlist_items (product_id, wishlist_id) VALUES (14, 9);
INSERT INTO wishlists (wishlist_id, wishlist_name, created_date, user_id) VALUES (10, 'My Favorites', '2026-02-16', 10);
INSERT INTO wishlist_items (product_id, wishlist_id) VALUES (86, 10);
INSERT INTO wishlist_items (product_id, wishlist_id) VALUES (71, 10);
INSERT INTO wishlist_items (product_id, wishlist_id) VALUES (59, 10);
INSERT INTO wishlists (wishlist_id, wishlist_name, created_date, user_id) VALUES (11, 'My Favorites', '2026-01-21', 11);
INSERT INTO wishlist_items (product_id, wishlist_id) VALUES (85, 11);
INSERT INTO wishlist_items (product_id, wishlist_id) VALUES (44, 11);
INSERT INTO wishlist_items (product_id, wishlist_id) VALUES (116, 11);
INSERT INTO wishlist_items (product_id, wishlist_id) VALUES (82, 11);
INSERT INTO wishlists (wishlist_id, wishlist_name, created_date, user_id) VALUES (12, 'My Favorites', '2026-02-07', 12);
INSERT INTO wishlist_items (product_id, wishlist_id) VALUES (115, 12);
INSERT INTO wishlist_items (product_id, wishlist_id) VALUES (65, 12);
INSERT INTO wishlist_items (product_id, wishlist_id) VALUES (12, 12);
INSERT INTO wishlists (wishlist_id, wishlist_name, created_date, user_id) VALUES (13, 'My Favorites', '2026-02-19', 13);
INSERT INTO wishlist_items (product_id, wishlist_id) VALUES (51, 13);
INSERT INTO wishlist_items (product_id, wishlist_id) VALUES (3, 13);
INSERT INTO wishlist_items (product_id, wishlist_id) VALUES (47, 13);
INSERT INTO wishlist_items (product_id, wishlist_id) VALUES (25, 13);
INSERT INTO wishlists (wishlist_id, wishlist_name, created_date, user_id) VALUES (14, 'My Favorites', '2026-03-11', 14);
INSERT INTO wishlist_items (product_id, wishlist_id) VALUES (106, 14);
INSERT INTO wishlist_items (product_id, wishlist_id) VALUES (64, 14);
INSERT INTO wishlist_items (product_id, wishlist_id) VALUES (38, 14);
INSERT INTO wishlists (wishlist_id, wishlist_name, created_date, user_id) VALUES (15, 'My Favorites', '2026-02-07', 15);
INSERT INTO wishlist_items (product_id, wishlist_id) VALUES (86, 15);
INSERT INTO wishlist_items (product_id, wishlist_id) VALUES (71, 15);
INSERT INTO wishlist_items (product_id, wishlist_id) VALUES (26, 15);
INSERT INTO wishlist_items (product_id, wishlist_id) VALUES (12, 15);
INSERT INTO wishlists (wishlist_id, wishlist_name, created_date, user_id) VALUES (16, 'My Favorites', '2026-01-20', 16);
INSERT INTO wishlist_items (product_id, wishlist_id) VALUES (95, 16);
INSERT INTO wishlist_items (product_id, wishlist_id) VALUES (57, 16);
INSERT INTO wishlist_items (product_id, wishlist_id) VALUES (82, 16);
INSERT INTO wishlist_items (product_id, wishlist_id) VALUES (113, 16);
INSERT INTO wishlists (wishlist_id, wishlist_name, created_date, user_id) VALUES (17, 'My Favorites', '2026-01-20', 17);
INSERT INTO wishlist_items (product_id, wishlist_id) VALUES (69, 17);
INSERT INTO wishlist_items (product_id, wishlist_id) VALUES (2, 17);
INSERT INTO wishlist_items (product_id, wishlist_id) VALUES (35, 17);
INSERT INTO wishlist_items (product_id, wishlist_id) VALUES (27, 17);
INSERT INTO wishlist_items (product_id, wishlist_id) VALUES (87, 17);
INSERT INTO wishlists (wishlist_id, wishlist_name, created_date, user_id) VALUES (18, 'My Favorites', '2026-02-21', 18);
INSERT INTO wishlist_items (product_id, wishlist_id) VALUES (35, 18);
INSERT INTO wishlist_items (product_id, wishlist_id) VALUES (53, 18);
INSERT INTO wishlist_items (product_id, wishlist_id) VALUES (32, 18);
INSERT INTO wishlist_items (product_id, wishlist_id) VALUES (29, 18);
INSERT INTO wishlist_items (product_id, wishlist_id) VALUES (66, 18);
INSERT INTO wishlists (wishlist_id, wishlist_name, created_date, user_id) VALUES (19, 'My Favorites', '2026-02-17', 19);
INSERT INTO wishlist_items (product_id, wishlist_id) VALUES (54, 19);
INSERT INTO wishlist_items (product_id, wishlist_id) VALUES (36, 19);
INSERT INTO wishlist_items (product_id, wishlist_id) VALUES (99, 19);
INSERT INTO wishlists (wishlist_id, wishlist_name, created_date, user_id) VALUES (20, 'My Favorites', '2026-01-21', 20);
INSERT INTO wishlist_items (product_id, wishlist_id) VALUES (99, 20);
INSERT INTO wishlist_items (product_id, wishlist_id) VALUES (113, 20);
INSERT INTO wishlist_items (product_id, wishlist_id) VALUES (50, 20);
INSERT INTO wishlists (wishlist_id, wishlist_name, created_date, user_id) VALUES (21, 'My Favorites', '2026-01-24', 21);
INSERT INTO wishlist_items (product_id, wishlist_id) VALUES (45, 21);
INSERT INTO wishlist_items (product_id, wishlist_id) VALUES (90, 21);
INSERT INTO wishlist_items (product_id, wishlist_id) VALUES (79, 21);
INSERT INTO wishlists (wishlist_id, wishlist_name, created_date, user_id) VALUES (22, 'My Favorites', '2026-03-20', 22);
INSERT INTO wishlist_items (product_id, wishlist_id) VALUES (59, 22);
INSERT INTO wishlist_items (product_id, wishlist_id) VALUES (58, 22);
INSERT INTO wishlist_items (product_id, wishlist_id) VALUES (32, 22);
INSERT INTO wishlists (wishlist_id, wishlist_name, created_date, user_id) VALUES (23, 'My Favorites', '2026-02-20', 23);
INSERT INTO wishlist_items (product_id, wishlist_id) VALUES (20, 23);
INSERT INTO wishlist_items (product_id, wishlist_id) VALUES (93, 23);
INSERT INTO wishlist_items (product_id, wishlist_id) VALUES (74, 23);
INSERT INTO wishlist_items (product_id, wishlist_id) VALUES (40, 23);
INSERT INTO wishlists (wishlist_id, wishlist_name, created_date, user_id) VALUES (24, 'My Favorites', '2026-01-21', 24);
INSERT INTO wishlist_items (product_id, wishlist_id) VALUES (19, 24);
INSERT INTO wishlist_items (product_id, wishlist_id) VALUES (85, 24);
INSERT INTO wishlist_items (product_id, wishlist_id) VALUES (45, 24);
INSERT INTO wishlist_items (product_id, wishlist_id) VALUES (5, 24);
INSERT INTO wishlist_items (product_id, wishlist_id) VALUES (116, 24);
INSERT INTO wishlists (wishlist_id, wishlist_name, created_date, user_id) VALUES (25, 'My Favorites', '2026-02-09', 25);
INSERT INTO wishlist_items (product_id, wishlist_id) VALUES (115, 25);
INSERT INTO wishlist_items (product_id, wishlist_id) VALUES (7, 25);
INSERT INTO wishlist_items (product_id, wishlist_id) VALUES (119, 25);
INSERT INTO wishlists (wishlist_id, wishlist_name, created_date, user_id) VALUES (26, 'My Favorites', '2026-02-05', 26);
INSERT INTO wishlist_items (product_id, wishlist_id) VALUES (90, 26);
INSERT INTO wishlist_items (product_id, wishlist_id) VALUES (107, 26);
INSERT INTO wishlist_items (product_id, wishlist_id) VALUES (10, 26);
INSERT INTO wishlists (wishlist_id, wishlist_name, created_date, user_id) VALUES (27, 'My Favorites', '2026-02-06', 27);
INSERT INTO wishlist_items (product_id, wishlist_id) VALUES (31, 27);
INSERT INTO wishlist_items (product_id, wishlist_id) VALUES (48, 27);
INSERT INTO wishlist_items (product_id, wishlist_id) VALUES (46, 27);
INSERT INTO wishlists (wishlist_id, wishlist_name, created_date, user_id) VALUES (28, 'My Favorites', '2026-02-09', 28);
INSERT INTO wishlist_items (product_id, wishlist_id) VALUES (1, 28);
INSERT INTO wishlist_items (product_id, wishlist_id) VALUES (109, 28);
INSERT INTO wishlist_items (product_id, wishlist_id) VALUES (26, 28);
INSERT INTO wishlist_items (product_id, wishlist_id) VALUES (68, 28);
INSERT INTO wishlists (wishlist_id, wishlist_name, created_date, user_id) VALUES (29, 'My Favorites', '2026-02-17', 29);
INSERT INTO wishlist_items (product_id, wishlist_id) VALUES (79, 29);
INSERT INTO wishlist_items (product_id, wishlist_id) VALUES (15, 29);
INSERT INTO wishlist_items (product_id, wishlist_id) VALUES (28, 29);
INSERT INTO wishlists (wishlist_id, wishlist_name, created_date, user_id) VALUES (30, 'My Favorites', '2026-01-27', 30);
INSERT INTO wishlist_items (product_id, wishlist_id) VALUES (23, 30);
INSERT INTO wishlist_items (product_id, wishlist_id) VALUES (40, 30);
INSERT INTO wishlist_items (product_id, wishlist_id) VALUES (21, 30);

-- ========================
-- CONVERSATIONS & MESSAGES
-- ========================
INSERT INTO conversations (conversation_id, start_date, status, seller_id, buyer_id) VALUES (1, '2026-03-24 21:42:32', TRUE, 1, 10);
INSERT INTO messages (message_id, message_content, sent_timestamp, conversation_id) VALUES (1, 'Is this available?', '2026-03-24 22:30:32', 1);
INSERT INTO messages (message_id, message_content, sent_timestamp, conversation_id) VALUES (2, 'Yes, it is available.', '2026-03-24 23:27:32', 1);
INSERT INTO messages (message_id, message_content, sent_timestamp, conversation_id) VALUES (3, 'Can you negotiate?', '2026-03-25 00:27:32', 1);
INSERT INTO messages (message_id, message_content, sent_timestamp, conversation_id) VALUES (4, 'Final price is fixed.', '2026-03-25 01:54:32', 1);
INSERT INTO messages (message_id, message_content, sent_timestamp, conversation_id) VALUES (5, 'When can I visit?', '2026-03-25 03:19:32', 1);
INSERT INTO conversations (conversation_id, start_date, status, seller_id, buyer_id) VALUES (2, '2026-02-12 21:42:32', TRUE, 4, 21);
INSERT INTO messages (message_id, message_content, sent_timestamp, conversation_id) VALUES (6, 'Is this available?', '2026-02-12 21:56:32', 2);
INSERT INTO messages (message_id, message_content, sent_timestamp, conversation_id) VALUES (7, 'Yes, it is available.', '2026-02-12 23:14:32', 2);
INSERT INTO messages (message_id, message_content, sent_timestamp, conversation_id) VALUES (8, 'Can you negotiate?', '2026-02-13 00:10:32', 2);
INSERT INTO messages (message_id, message_content, sent_timestamp, conversation_id) VALUES (9, 'Final price is fixed.', '2026-02-13 01:26:32', 2);
INSERT INTO conversations (conversation_id, start_date, status, seller_id, buyer_id) VALUES (3, '2026-03-19 21:42:32', TRUE, 29, 17);
INSERT INTO messages (message_id, message_content, sent_timestamp, conversation_id) VALUES (10, 'Is this available?', '2026-03-19 22:59:32', 3);
INSERT INTO messages (message_id, message_content, sent_timestamp, conversation_id) VALUES (11, 'Yes, it is available.', '2026-03-20 00:46:32', 3);
INSERT INTO messages (message_id, message_content, sent_timestamp, conversation_id) VALUES (12, 'Can you negotiate?', '2026-03-20 02:33:32', 3);
INSERT INTO messages (message_id, message_content, sent_timestamp, conversation_id) VALUES (13, 'Final price is fixed.', '2026-03-20 04:04:32', 3);
INSERT INTO messages (message_id, message_content, sent_timestamp, conversation_id) VALUES (14, 'When can I visit?', '2026-03-20 05:31:32', 3);
INSERT INTO conversations (conversation_id, start_date, status, seller_id, buyer_id) VALUES (4, '2026-03-29 21:42:32', TRUE, 23, 30);
INSERT INTO messages (message_id, message_content, sent_timestamp, conversation_id) VALUES (15, 'Is this available?', '2026-03-29 22:08:32', 4);
INSERT INTO messages (message_id, message_content, sent_timestamp, conversation_id) VALUES (16, 'Yes, it is available.', '2026-03-29 23:58:32', 4);
INSERT INTO messages (message_id, message_content, sent_timestamp, conversation_id) VALUES (17, 'Can you negotiate?', '2026-03-30 00:36:32', 4);
INSERT INTO messages (message_id, message_content, sent_timestamp, conversation_id) VALUES (18, 'Final price is fixed.', '2026-03-30 01:22:32', 4);
INSERT INTO messages (message_id, message_content, sent_timestamp, conversation_id) VALUES (19, 'When can I visit?', '2026-03-30 01:36:32', 4);
INSERT INTO conversations (conversation_id, start_date, status, seller_id, buyer_id) VALUES (5, '2026-02-27 21:42:32', TRUE, 7, 3);
INSERT INTO messages (message_id, message_content, sent_timestamp, conversation_id) VALUES (20, 'Is this available?', '2026-02-27 23:31:32', 5);
INSERT INTO messages (message_id, message_content, sent_timestamp, conversation_id) VALUES (21, 'Yes, it is available.', '2026-02-28 00:09:32', 5);
INSERT INTO messages (message_id, message_content, sent_timestamp, conversation_id) VALUES (22, 'Can you negotiate?', '2026-02-28 01:56:32', 5);
INSERT INTO messages (message_id, message_content, sent_timestamp, conversation_id) VALUES (23, 'Final price is fixed.', '2026-02-28 02:24:32', 5);
INSERT INTO conversations (conversation_id, start_date, status, seller_id, buyer_id) VALUES (6, '2026-03-18 21:42:32', TRUE, 11, 22);
INSERT INTO messages (message_id, message_content, sent_timestamp, conversation_id) VALUES (24, 'Is this available?', '2026-03-18 22:22:32', 6);
INSERT INTO messages (message_id, message_content, sent_timestamp, conversation_id) VALUES (25, 'Yes, it is available.', '2026-03-18 23:46:32', 6);
INSERT INTO messages (message_id, message_content, sent_timestamp, conversation_id) VALUES (26, 'Can you negotiate?', '2026-03-19 01:13:32', 6);
INSERT INTO conversations (conversation_id, start_date, status, seller_id, buyer_id) VALUES (7, '2026-03-08 21:42:32', TRUE, 11, 13);
INSERT INTO messages (message_id, message_content, sent_timestamp, conversation_id) VALUES (27, 'Is this available?', '2026-03-08 23:14:32', 7);
INSERT INTO messages (message_id, message_content, sent_timestamp, conversation_id) VALUES (28, 'Yes, it is available.', '2026-03-09 01:01:32', 7);
INSERT INTO messages (message_id, message_content, sent_timestamp, conversation_id) VALUES (29, 'Can you negotiate?', '2026-03-09 01:41:32', 7);
INSERT INTO messages (message_id, message_content, sent_timestamp, conversation_id) VALUES (30, 'Final price is fixed.', '2026-03-09 02:55:32', 7);
INSERT INTO conversations (conversation_id, start_date, status, seller_id, buyer_id) VALUES (8, '2026-03-30 21:42:32', TRUE, 25, 23);
INSERT INTO messages (message_id, message_content, sent_timestamp, conversation_id) VALUES (31, 'Is this available?', '2026-03-30 22:55:32', 8);
INSERT INTO messages (message_id, message_content, sent_timestamp, conversation_id) VALUES (32, 'Yes, it is available.', '2026-03-30 23:35:32', 8);
INSERT INTO messages (message_id, message_content, sent_timestamp, conversation_id) VALUES (33, 'Can you negotiate?', '2026-03-31 00:13:32', 8);
INSERT INTO conversations (conversation_id, start_date, status, seller_id, buyer_id) VALUES (9, '2026-02-12 21:42:32', TRUE, 6, 19);
INSERT INTO messages (message_id, message_content, sent_timestamp, conversation_id) VALUES (34, 'Is this available?', '2026-02-12 22:40:32', 9);
INSERT INTO messages (message_id, message_content, sent_timestamp, conversation_id) VALUES (35, 'Yes, it is available.', '2026-02-12 23:51:32', 9);
INSERT INTO messages (message_id, message_content, sent_timestamp, conversation_id) VALUES (36, 'Can you negotiate?', '2026-02-13 00:26:32', 9);
INSERT INTO messages (message_id, message_content, sent_timestamp, conversation_id) VALUES (37, 'Final price is fixed.', '2026-02-13 01:39:32', 9);
INSERT INTO conversations (conversation_id, start_date, status, seller_id, buyer_id) VALUES (10, '2026-02-16 21:42:32', TRUE, 15, 1);
INSERT INTO messages (message_id, message_content, sent_timestamp, conversation_id) VALUES (38, 'Is this available?', '2026-02-16 22:59:32', 10);
INSERT INTO messages (message_id, message_content, sent_timestamp, conversation_id) VALUES (39, 'Yes, it is available.', '2026-02-17 00:24:32', 10);
INSERT INTO messages (message_id, message_content, sent_timestamp, conversation_id) VALUES (40, 'Can you negotiate?', '2026-02-17 00:44:32', 10);
INSERT INTO messages (message_id, message_content, sent_timestamp, conversation_id) VALUES (41, 'Final price is fixed.', '2026-02-17 02:00:32', 10);
INSERT INTO messages (message_id, message_content, sent_timestamp, conversation_id) VALUES (42, 'When can I visit?', '2026-02-17 03:07:32', 10);
INSERT INTO conversations (conversation_id, start_date, status, seller_id, buyer_id) VALUES (11, '2026-04-08 21:42:32', TRUE, 10, 5);
INSERT INTO messages (message_id, message_content, sent_timestamp, conversation_id) VALUES (43, 'Is this available?', '2026-04-08 22:19:32', 11);
INSERT INTO messages (message_id, message_content, sent_timestamp, conversation_id) VALUES (44, 'Yes, it is available.', '2026-04-08 23:02:32', 11);
INSERT INTO messages (message_id, message_content, sent_timestamp, conversation_id) VALUES (45, 'Can you negotiate?', '2026-04-08 23:57:32', 11);
INSERT INTO messages (message_id, message_content, sent_timestamp, conversation_id) VALUES (46, 'Final price is fixed.', '2026-04-09 01:28:32', 11);
INSERT INTO conversations (conversation_id, start_date, status, seller_id, buyer_id) VALUES (12, '2026-02-21 21:42:32', TRUE, 9, 23);
INSERT INTO messages (message_id, message_content, sent_timestamp, conversation_id) VALUES (47, 'Is this available?', '2026-02-21 23:24:32', 12);
INSERT INTO messages (message_id, message_content, sent_timestamp, conversation_id) VALUES (48, 'Yes, it is available.', '2026-02-22 00:54:32', 12);
INSERT INTO messages (message_id, message_content, sent_timestamp, conversation_id) VALUES (49, 'Can you negotiate?', '2026-02-22 01:39:32', 12);
INSERT INTO messages (message_id, message_content, sent_timestamp, conversation_id) VALUES (50, 'Final price is fixed.', '2026-02-22 03:36:32', 12);
INSERT INTO messages (message_id, message_content, sent_timestamp, conversation_id) VALUES (51, 'When can I visit?', '2026-02-22 05:18:32', 12);
INSERT INTO conversations (conversation_id, start_date, status, seller_id, buyer_id) VALUES (13, '2026-02-19 21:42:32', TRUE, 2, 16);
INSERT INTO messages (message_id, message_content, sent_timestamp, conversation_id) VALUES (52, 'Is this available?', '2026-02-19 23:32:32', 13);
INSERT INTO messages (message_id, message_content, sent_timestamp, conversation_id) VALUES (53, 'Yes, it is available.', '2026-02-20 01:04:32', 13);
INSERT INTO messages (message_id, message_content, sent_timestamp, conversation_id) VALUES (54, 'Can you negotiate?', '2026-02-20 02:25:32', 13);
INSERT INTO messages (message_id, message_content, sent_timestamp, conversation_id) VALUES (55, 'Final price is fixed.', '2026-02-20 03:27:32', 13);
INSERT INTO messages (message_id, message_content, sent_timestamp, conversation_id) VALUES (56, 'When can I visit?', '2026-02-20 05:08:32', 13);
INSERT INTO conversations (conversation_id, start_date, status, seller_id, buyer_id) VALUES (14, '2026-03-21 21:42:32', TRUE, 3, 15);
INSERT INTO messages (message_id, message_content, sent_timestamp, conversation_id) VALUES (57, 'Is this available?', '2026-03-21 23:24:32', 14);
INSERT INTO messages (message_id, message_content, sent_timestamp, conversation_id) VALUES (58, 'Yes, it is available.', '2026-03-22 00:49:32', 14);
INSERT INTO messages (message_id, message_content, sent_timestamp, conversation_id) VALUES (59, 'Can you negotiate?', '2026-03-22 02:16:32', 14);
INSERT INTO messages (message_id, message_content, sent_timestamp, conversation_id) VALUES (60, 'Final price is fixed.', '2026-03-22 03:09:32', 14);
INSERT INTO messages (message_id, message_content, sent_timestamp, conversation_id) VALUES (61, 'When can I visit?', '2026-03-22 04:00:32', 14);
INSERT INTO conversations (conversation_id, start_date, status, seller_id, buyer_id) VALUES (15, '2026-03-05 21:42:32', TRUE, 27, 6);
INSERT INTO messages (message_id, message_content, sent_timestamp, conversation_id) VALUES (62, 'Is this available?', '2026-03-05 21:59:32', 15);
INSERT INTO messages (message_id, message_content, sent_timestamp, conversation_id) VALUES (63, 'Yes, it is available.', '2026-03-05 23:07:32', 15);
INSERT INTO messages (message_id, message_content, sent_timestamp, conversation_id) VALUES (64, 'Can you negotiate?', '2026-03-05 23:26:32', 15);
INSERT INTO messages (message_id, message_content, sent_timestamp, conversation_id) VALUES (65, 'Final price is fixed.', '2026-03-06 01:14:32', 15);
INSERT INTO conversations (conversation_id, start_date, status, seller_id, buyer_id) VALUES (16, '2026-03-08 21:42:32', TRUE, 17, 18);
INSERT INTO messages (message_id, message_content, sent_timestamp, conversation_id) VALUES (66, 'Is this available?', '2026-03-08 21:47:32', 16);
INSERT INTO messages (message_id, message_content, sent_timestamp, conversation_id) VALUES (67, 'Yes, it is available.', '2026-03-08 23:24:32', 16);
INSERT INTO messages (message_id, message_content, sent_timestamp, conversation_id) VALUES (68, 'Can you negotiate?', '2026-03-09 00:59:32', 16);
INSERT INTO messages (message_id, message_content, sent_timestamp, conversation_id) VALUES (69, 'Final price is fixed.', '2026-03-09 02:13:32', 16);
INSERT INTO messages (message_id, message_content, sent_timestamp, conversation_id) VALUES (70, 'When can I visit?', '2026-03-09 03:54:32', 16);
INSERT INTO conversations (conversation_id, start_date, status, seller_id, buyer_id) VALUES (17, '2026-02-23 21:42:32', TRUE, 2, 25);
INSERT INTO messages (message_id, message_content, sent_timestamp, conversation_id) VALUES (71, 'Is this available?', '2026-02-23 22:39:32', 17);
INSERT INTO messages (message_id, message_content, sent_timestamp, conversation_id) VALUES (72, 'Yes, it is available.', '2026-02-23 23:13:32', 17);
INSERT INTO messages (message_id, message_content, sent_timestamp, conversation_id) VALUES (73, 'Can you negotiate?', '2026-02-24 00:08:32', 17);
INSERT INTO conversations (conversation_id, start_date, status, seller_id, buyer_id) VALUES (18, '2026-03-05 21:42:32', TRUE, 22, 7);
INSERT INTO messages (message_id, message_content, sent_timestamp, conversation_id) VALUES (74, 'Is this available?', '2026-03-05 22:53:32', 18);
INSERT INTO messages (message_id, message_content, sent_timestamp, conversation_id) VALUES (75, 'Yes, it is available.', '2026-03-06 00:28:32', 18);
INSERT INTO messages (message_id, message_content, sent_timestamp, conversation_id) VALUES (76, 'Can you negotiate?', '2026-03-06 01:21:32', 18);
INSERT INTO conversations (conversation_id, start_date, status, seller_id, buyer_id) VALUES (19, '2026-03-12 21:42:32', TRUE, 5, 28);
INSERT INTO messages (message_id, message_content, sent_timestamp, conversation_id) VALUES (77, 'Is this available?', '2026-03-12 22:53:32', 19);
INSERT INTO messages (message_id, message_content, sent_timestamp, conversation_id) VALUES (78, 'Yes, it is available.', '2026-03-12 23:46:32', 19);
INSERT INTO messages (message_id, message_content, sent_timestamp, conversation_id) VALUES (79, 'Can you negotiate?', '2026-03-13 01:41:32', 19);
INSERT INTO messages (message_id, message_content, sent_timestamp, conversation_id) VALUES (80, 'Final price is fixed.', '2026-03-13 03:29:32', 19);
INSERT INTO conversations (conversation_id, start_date, status, seller_id, buyer_id) VALUES (20, '2026-02-27 21:42:32', TRUE, 20, 27);
INSERT INTO messages (message_id, message_content, sent_timestamp, conversation_id) VALUES (81, 'Is this available?', '2026-02-27 22:06:32', 20);
INSERT INTO messages (message_id, message_content, sent_timestamp, conversation_id) VALUES (82, 'Yes, it is available.', '2026-02-27 23:23:32', 20);
INSERT INTO messages (message_id, message_content, sent_timestamp, conversation_id) VALUES (83, 'Can you negotiate?', '2026-02-27 23:33:32', 20);
INSERT INTO messages (message_id, message_content, sent_timestamp, conversation_id) VALUES (84, 'Final price is fixed.', '2026-02-28 00:36:32', 20);
INSERT INTO conversations (conversation_id, start_date, status, seller_id, buyer_id) VALUES (21, '2026-03-03 21:42:32', TRUE, 17, 11);
INSERT INTO messages (message_id, message_content, sent_timestamp, conversation_id) VALUES (85, 'Is this available?', '2026-03-03 22:53:32', 21);
INSERT INTO messages (message_id, message_content, sent_timestamp, conversation_id) VALUES (86, 'Yes, it is available.', '2026-03-04 00:41:32', 21);
INSERT INTO messages (message_id, message_content, sent_timestamp, conversation_id) VALUES (87, 'Can you negotiate?', '2026-03-04 02:13:32', 21);
INSERT INTO messages (message_id, message_content, sent_timestamp, conversation_id) VALUES (88, 'Final price is fixed.', '2026-03-04 02:40:32', 21);
INSERT INTO conversations (conversation_id, start_date, status, seller_id, buyer_id) VALUES (22, '2026-03-28 21:42:32', TRUE, 11, 4);
INSERT INTO messages (message_id, message_content, sent_timestamp, conversation_id) VALUES (89, 'Is this available?', '2026-03-28 22:47:32', 22);
INSERT INTO messages (message_id, message_content, sent_timestamp, conversation_id) VALUES (90, 'Yes, it is available.', '2026-03-29 00:27:32', 22);
INSERT INTO messages (message_id, message_content, sent_timestamp, conversation_id) VALUES (91, 'Can you negotiate?', '2026-03-29 01:33:32', 22);
INSERT INTO conversations (conversation_id, start_date, status, seller_id, buyer_id) VALUES (23, '2026-03-22 21:42:32', TRUE, 29, 14);
INSERT INTO messages (message_id, message_content, sent_timestamp, conversation_id) VALUES (92, 'Is this available?', '2026-03-22 22:13:32', 23);
INSERT INTO messages (message_id, message_content, sent_timestamp, conversation_id) VALUES (93, 'Yes, it is available.', '2026-03-23 00:00:32', 23);
INSERT INTO messages (message_id, message_content, sent_timestamp, conversation_id) VALUES (94, 'Can you negotiate?', '2026-03-23 01:45:32', 23);
INSERT INTO messages (message_id, message_content, sent_timestamp, conversation_id) VALUES (95, 'Final price is fixed.', '2026-03-23 02:28:32', 23);
INSERT INTO messages (message_id, message_content, sent_timestamp, conversation_id) VALUES (96, 'When can I visit?', '2026-03-23 04:15:32', 23);
INSERT INTO conversations (conversation_id, start_date, status, seller_id, buyer_id) VALUES (24, '2026-03-02 21:42:32', TRUE, 1, 25);
INSERT INTO messages (message_id, message_content, sent_timestamp, conversation_id) VALUES (97, 'Is this available?', '2026-03-02 22:52:32', 24);
INSERT INTO messages (message_id, message_content, sent_timestamp, conversation_id) VALUES (98, 'Yes, it is available.', '2026-03-03 00:20:32', 24);
INSERT INTO messages (message_id, message_content, sent_timestamp, conversation_id) VALUES (99, 'Can you negotiate?', '2026-03-03 01:57:32', 24);
INSERT INTO messages (message_id, message_content, sent_timestamp, conversation_id) VALUES (100, 'Final price is fixed.', '2026-03-03 02:04:32', 24);
INSERT INTO messages (message_id, message_content, sent_timestamp, conversation_id) VALUES (101, 'When can I visit?', '2026-03-03 03:56:32', 24);
INSERT INTO conversations (conversation_id, start_date, status, seller_id, buyer_id) VALUES (25, '2026-02-13 21:42:32', TRUE, 23, 23);
INSERT INTO messages (message_id, message_content, sent_timestamp, conversation_id) VALUES (102, 'Is this available?', '2026-02-13 23:40:32', 25);
INSERT INTO messages (message_id, message_content, sent_timestamp, conversation_id) VALUES (103, 'Yes, it is available.', '2026-02-14 01:34:32', 25);
INSERT INTO messages (message_id, message_content, sent_timestamp, conversation_id) VALUES (104, 'Can you negotiate?', '2026-02-14 02:13:32', 25);
INSERT INTO conversations (conversation_id, start_date, status, seller_id, buyer_id) VALUES (26, '2026-02-13 21:42:32', TRUE, 6, 11);
INSERT INTO messages (message_id, message_content, sent_timestamp, conversation_id) VALUES (105, 'Is this available?', '2026-02-13 22:24:32', 26);
INSERT INTO messages (message_id, message_content, sent_timestamp, conversation_id) VALUES (106, 'Yes, it is available.', '2026-02-13 23:08:32', 26);
INSERT INTO messages (message_id, message_content, sent_timestamp, conversation_id) VALUES (107, 'Can you negotiate?', '2026-02-14 01:05:32', 26);
INSERT INTO messages (message_id, message_content, sent_timestamp, conversation_id) VALUES (108, 'Final price is fixed.', '2026-02-14 02:35:32', 26);
INSERT INTO messages (message_id, message_content, sent_timestamp, conversation_id) VALUES (109, 'When can I visit?', '2026-02-14 03:59:32', 26);
INSERT INTO conversations (conversation_id, start_date, status, seller_id, buyer_id) VALUES (27, '2026-02-21 21:42:32', TRUE, 19, 25);
INSERT INTO messages (message_id, message_content, sent_timestamp, conversation_id) VALUES (110, 'Is this available?', '2026-02-21 22:59:32', 27);
INSERT INTO messages (message_id, message_content, sent_timestamp, conversation_id) VALUES (111, 'Yes, it is available.', '2026-02-21 23:14:32', 27);
INSERT INTO messages (message_id, message_content, sent_timestamp, conversation_id) VALUES (112, 'Can you negotiate?', '2026-02-22 01:00:32', 27);
INSERT INTO conversations (conversation_id, start_date, status, seller_id, buyer_id) VALUES (28, '2026-02-20 21:42:32', TRUE, 18, 29);
INSERT INTO messages (message_id, message_content, sent_timestamp, conversation_id) VALUES (113, 'Is this available?', '2026-02-20 23:34:32', 28);
INSERT INTO messages (message_id, message_content, sent_timestamp, conversation_id) VALUES (114, 'Yes, it is available.', '2026-02-21 00:09:32', 28);
INSERT INTO messages (message_id, message_content, sent_timestamp, conversation_id) VALUES (115, 'Can you negotiate?', '2026-02-21 01:03:32', 28);
INSERT INTO messages (message_id, message_content, sent_timestamp, conversation_id) VALUES (116, 'Final price is fixed.', '2026-02-21 02:34:32', 28);
INSERT INTO messages (message_id, message_content, sent_timestamp, conversation_id) VALUES (117, 'When can I visit?', '2026-02-21 03:30:32', 28);
INSERT INTO conversations (conversation_id, start_date, status, seller_id, buyer_id) VALUES (29, '2026-04-02 21:42:32', TRUE, 7, 21);
INSERT INTO messages (message_id, message_content, sent_timestamp, conversation_id) VALUES (118, 'Is this available?', '2026-04-02 23:16:32', 29);
INSERT INTO messages (message_id, message_content, sent_timestamp, conversation_id) VALUES (119, 'Yes, it is available.', '2026-04-03 01:08:32', 29);
INSERT INTO messages (message_id, message_content, sent_timestamp, conversation_id) VALUES (120, 'Can you negotiate?', '2026-04-03 01:22:32', 29);
INSERT INTO messages (message_id, message_content, sent_timestamp, conversation_id) VALUES (121, 'Final price is fixed.', '2026-04-03 02:52:32', 29);
INSERT INTO conversations (conversation_id, start_date, status, seller_id, buyer_id) VALUES (30, '2026-04-03 21:42:32', TRUE, 12, 26);
INSERT INTO messages (message_id, message_content, sent_timestamp, conversation_id) VALUES (122, 'Is this available?', '2026-04-03 22:16:32', 30);
INSERT INTO messages (message_id, message_content, sent_timestamp, conversation_id) VALUES (123, 'Yes, it is available.', '2026-04-03 22:21:32', 30);
INSERT INTO messages (message_id, message_content, sent_timestamp, conversation_id) VALUES (124, 'Can you negotiate?', '2026-04-04 00:11:32', 30);
INSERT INTO messages (message_id, message_content, sent_timestamp, conversation_id) VALUES (125, 'Final price is fixed.', '2026-04-04 01:34:32', 30);
INSERT INTO conversations (conversation_id, start_date, status, seller_id, buyer_id) VALUES (31, '2026-03-10 21:42:32', TRUE, 4, 3);
INSERT INTO messages (message_id, message_content, sent_timestamp, conversation_id) VALUES (126, 'Is this available?', '2026-03-10 23:09:32', 31);
INSERT INTO messages (message_id, message_content, sent_timestamp, conversation_id) VALUES (127, 'Yes, it is available.', '2026-03-10 23:54:32', 31);
INSERT INTO messages (message_id, message_content, sent_timestamp, conversation_id) VALUES (128, 'Can you negotiate?', '2026-03-11 00:28:32', 31);
INSERT INTO messages (message_id, message_content, sent_timestamp, conversation_id) VALUES (129, 'Final price is fixed.', '2026-03-11 01:47:32', 31);
INSERT INTO messages (message_id, message_content, sent_timestamp, conversation_id) VALUES (130, 'When can I visit?', '2026-03-11 03:13:32', 31);
INSERT INTO conversations (conversation_id, start_date, status, seller_id, buyer_id) VALUES (32, '2026-02-14 21:42:32', TRUE, 23, 7);
INSERT INTO messages (message_id, message_content, sent_timestamp, conversation_id) VALUES (131, 'Is this available?', '2026-02-14 23:31:32', 32);
INSERT INTO messages (message_id, message_content, sent_timestamp, conversation_id) VALUES (132, 'Yes, it is available.', '2026-02-14 23:41:32', 32);
INSERT INTO messages (message_id, message_content, sent_timestamp, conversation_id) VALUES (133, 'Can you negotiate?', '2026-02-15 01:10:32', 32);
INSERT INTO messages (message_id, message_content, sent_timestamp, conversation_id) VALUES (134, 'Final price is fixed.', '2026-02-15 02:32:32', 32);
INSERT INTO messages (message_id, message_content, sent_timestamp, conversation_id) VALUES (135, 'When can I visit?', '2026-02-15 03:10:32', 32);
INSERT INTO conversations (conversation_id, start_date, status, seller_id, buyer_id) VALUES (33, '2026-03-04 21:42:32', TRUE, 20, 25);
INSERT INTO messages (message_id, message_content, sent_timestamp, conversation_id) VALUES (136, 'Is this available?', '2026-03-04 22:17:32', 33);
INSERT INTO messages (message_id, message_content, sent_timestamp, conversation_id) VALUES (137, 'Yes, it is available.', '2026-03-04 22:53:32', 33);
INSERT INTO messages (message_id, message_content, sent_timestamp, conversation_id) VALUES (138, 'Can you negotiate?', '2026-03-05 00:19:32', 33);
INSERT INTO conversations (conversation_id, start_date, status, seller_id, buyer_id) VALUES (34, '2026-02-14 21:42:32', TRUE, 9, 30);
INSERT INTO messages (message_id, message_content, sent_timestamp, conversation_id) VALUES (139, 'Is this available?', '2026-02-14 23:04:32', 34);
INSERT INTO messages (message_id, message_content, sent_timestamp, conversation_id) VALUES (140, 'Yes, it is available.', '2026-02-15 00:29:32', 34);
INSERT INTO messages (message_id, message_content, sent_timestamp, conversation_id) VALUES (141, 'Can you negotiate?', '2026-02-15 01:43:32', 34);
INSERT INTO messages (message_id, message_content, sent_timestamp, conversation_id) VALUES (142, 'Final price is fixed.', '2026-02-15 02:23:32', 34);
INSERT INTO conversations (conversation_id, start_date, status, seller_id, buyer_id) VALUES (35, '2026-04-06 21:42:32', TRUE, 30, 6);
INSERT INTO messages (message_id, message_content, sent_timestamp, conversation_id) VALUES (143, 'Is this available?', '2026-04-06 23:40:32', 35);
INSERT INTO messages (message_id, message_content, sent_timestamp, conversation_id) VALUES (144, 'Yes, it is available.', '2026-04-07 01:35:32', 35);
INSERT INTO messages (message_id, message_content, sent_timestamp, conversation_id) VALUES (145, 'Can you negotiate?', '2026-04-07 02:49:32', 35);
INSERT INTO messages (message_id, message_content, sent_timestamp, conversation_id) VALUES (146, 'Final price is fixed.', '2026-04-07 03:07:32', 35);
INSERT INTO messages (message_id, message_content, sent_timestamp, conversation_id) VALUES (147, 'When can I visit?', '2026-04-07 04:33:32', 35);
INSERT INTO conversations (conversation_id, start_date, status, seller_id, buyer_id) VALUES (36, '2026-03-16 21:42:32', TRUE, 18, 22);
INSERT INTO messages (message_id, message_content, sent_timestamp, conversation_id) VALUES (148, 'Is this available?', '2026-03-16 23:28:32', 36);
INSERT INTO messages (message_id, message_content, sent_timestamp, conversation_id) VALUES (149, 'Yes, it is available.', '2026-03-17 01:06:32', 36);
INSERT INTO messages (message_id, message_content, sent_timestamp, conversation_id) VALUES (150, 'Can you negotiate?', '2026-03-17 02:08:32', 36);
INSERT INTO messages (message_id, message_content, sent_timestamp, conversation_id) VALUES (151, 'Final price is fixed.', '2026-03-17 02:55:32', 36);
INSERT INTO conversations (conversation_id, start_date, status, seller_id, buyer_id) VALUES (37, '2026-03-26 21:42:32', TRUE, 18, 20);
INSERT INTO messages (message_id, message_content, sent_timestamp, conversation_id) VALUES (152, 'Is this available?', '2026-03-26 23:38:32', 37);
INSERT INTO messages (message_id, message_content, sent_timestamp, conversation_id) VALUES (153, 'Yes, it is available.', '2026-03-27 01:04:32', 37);
INSERT INTO messages (message_id, message_content, sent_timestamp, conversation_id) VALUES (154, 'Can you negotiate?', '2026-03-27 02:24:32', 37);
INSERT INTO conversations (conversation_id, start_date, status, seller_id, buyer_id) VALUES (38, '2026-02-18 21:42:32', TRUE, 19, 9);
INSERT INTO messages (message_id, message_content, sent_timestamp, conversation_id) VALUES (155, 'Is this available?', '2026-02-18 22:48:32', 38);
INSERT INTO messages (message_id, message_content, sent_timestamp, conversation_id) VALUES (156, 'Yes, it is available.', '2026-02-19 00:21:32', 38);
INSERT INTO messages (message_id, message_content, sent_timestamp, conversation_id) VALUES (157, 'Can you negotiate?', '2026-02-19 01:34:32', 38);
INSERT INTO messages (message_id, message_content, sent_timestamp, conversation_id) VALUES (158, 'Final price is fixed.', '2026-02-19 03:26:32', 38);
INSERT INTO conversations (conversation_id, start_date, status, seller_id, buyer_id) VALUES (39, '2026-04-06 21:42:32', TRUE, 10, 28);
INSERT INTO messages (message_id, message_content, sent_timestamp, conversation_id) VALUES (159, 'Is this available?', '2026-04-06 22:37:32', 39);
INSERT INTO messages (message_id, message_content, sent_timestamp, conversation_id) VALUES (160, 'Yes, it is available.', '2026-04-06 22:53:32', 39);
INSERT INTO messages (message_id, message_content, sent_timestamp, conversation_id) VALUES (161, 'Can you negotiate?', '2026-04-07 00:33:32', 39);
INSERT INTO conversations (conversation_id, start_date, status, seller_id, buyer_id) VALUES (40, '2026-02-24 21:42:32', TRUE, 19, 12);
INSERT INTO messages (message_id, message_content, sent_timestamp, conversation_id) VALUES (162, 'Is this available?', '2026-02-24 23:16:32', 40);
INSERT INTO messages (message_id, message_content, sent_timestamp, conversation_id) VALUES (163, 'Yes, it is available.', '2026-02-24 23:30:32', 40);
INSERT INTO messages (message_id, message_content, sent_timestamp, conversation_id) VALUES (164, 'Can you negotiate?', '2026-02-24 23:53:32', 40);
INSERT INTO messages (message_id, message_content, sent_timestamp, conversation_id) VALUES (165, 'Final price is fixed.', '2026-02-25 01:19:32', 40);
INSERT INTO conversations (conversation_id, start_date, status, seller_id, buyer_id) VALUES (41, '2026-02-25 21:42:32', TRUE, 28, 22);
INSERT INTO messages (message_id, message_content, sent_timestamp, conversation_id) VALUES (166, 'Is this available?', '2026-02-25 21:54:32', 41);
INSERT INTO messages (message_id, message_content, sent_timestamp, conversation_id) VALUES (167, 'Yes, it is available.', '2026-02-25 22:17:32', 41);
INSERT INTO messages (message_id, message_content, sent_timestamp, conversation_id) VALUES (168, 'Can you negotiate?', '2026-02-26 00:15:32', 41);
INSERT INTO messages (message_id, message_content, sent_timestamp, conversation_id) VALUES (169, 'Final price is fixed.', '2026-02-26 00:21:32', 41);
INSERT INTO messages (message_id, message_content, sent_timestamp, conversation_id) VALUES (170, 'When can I visit?', '2026-02-26 00:32:32', 41);
INSERT INTO conversations (conversation_id, start_date, status, seller_id, buyer_id) VALUES (42, '2026-03-06 21:42:32', TRUE, 14, 23);
INSERT INTO messages (message_id, message_content, sent_timestamp, conversation_id) VALUES (171, 'Is this available?', '2026-03-06 22:09:32', 42);
INSERT INTO messages (message_id, message_content, sent_timestamp, conversation_id) VALUES (172, 'Yes, it is available.', '2026-03-06 23:42:32', 42);
INSERT INTO messages (message_id, message_content, sent_timestamp, conversation_id) VALUES (173, 'Can you negotiate?', '2026-03-07 00:18:32', 42);
INSERT INTO messages (message_id, message_content, sent_timestamp, conversation_id) VALUES (174, 'Final price is fixed.', '2026-03-07 01:29:32', 42);
INSERT INTO messages (message_id, message_content, sent_timestamp, conversation_id) VALUES (175, 'When can I visit?', '2026-03-07 01:52:32', 42);
INSERT INTO conversations (conversation_id, start_date, status, seller_id, buyer_id) VALUES (43, '2026-02-26 21:42:32', TRUE, 21, 18);
INSERT INTO messages (message_id, message_content, sent_timestamp, conversation_id) VALUES (176, 'Is this available?', '2026-02-26 22:54:32', 43);
INSERT INTO messages (message_id, message_content, sent_timestamp, conversation_id) VALUES (177, 'Yes, it is available.', '2026-02-26 23:02:32', 43);
INSERT INTO messages (message_id, message_content, sent_timestamp, conversation_id) VALUES (178, 'Can you negotiate?', '2026-02-26 23:19:32', 43);
INSERT INTO messages (message_id, message_content, sent_timestamp, conversation_id) VALUES (179, 'Final price is fixed.', '2026-02-27 00:20:32', 43);
INSERT INTO conversations (conversation_id, start_date, status, seller_id, buyer_id) VALUES (44, '2026-03-09 21:42:32', TRUE, 7, 1);
INSERT INTO messages (message_id, message_content, sent_timestamp, conversation_id) VALUES (180, 'Is this available?', '2026-03-09 22:58:32', 44);
INSERT INTO messages (message_id, message_content, sent_timestamp, conversation_id) VALUES (181, 'Yes, it is available.', '2026-03-10 00:04:32', 44);
INSERT INTO messages (message_id, message_content, sent_timestamp, conversation_id) VALUES (182, 'Can you negotiate?', '2026-03-10 01:41:32', 44);
INSERT INTO conversations (conversation_id, start_date, status, seller_id, buyer_id) VALUES (45, '2026-03-25 21:42:32', TRUE, 11, 3);
INSERT INTO messages (message_id, message_content, sent_timestamp, conversation_id) VALUES (183, 'Is this available?', '2026-03-25 23:22:32', 45);
INSERT INTO messages (message_id, message_content, sent_timestamp, conversation_id) VALUES (184, 'Yes, it is available.', '2026-03-26 01:21:32', 45);
INSERT INTO messages (message_id, message_content, sent_timestamp, conversation_id) VALUES (185, 'Can you negotiate?', '2026-03-26 02:59:32', 45);
INSERT INTO conversations (conversation_id, start_date, status, seller_id, buyer_id) VALUES (46, '2026-03-08 21:42:32', TRUE, 5, 5);
INSERT INTO messages (message_id, message_content, sent_timestamp, conversation_id) VALUES (186, 'Is this available?', '2026-03-08 22:22:32', 46);
INSERT INTO messages (message_id, message_content, sent_timestamp, conversation_id) VALUES (187, 'Yes, it is available.', '2026-03-08 23:04:32', 46);
INSERT INTO messages (message_id, message_content, sent_timestamp, conversation_id) VALUES (188, 'Can you negotiate?', '2026-03-09 00:39:32', 46);
INSERT INTO conversations (conversation_id, start_date, status, seller_id, buyer_id) VALUES (47, '2026-02-16 21:42:32', TRUE, 20, 30);
INSERT INTO messages (message_id, message_content, sent_timestamp, conversation_id) VALUES (189, 'Is this available?', '2026-02-16 23:23:32', 47);
INSERT INTO messages (message_id, message_content, sent_timestamp, conversation_id) VALUES (190, 'Yes, it is available.', '2026-02-16 23:53:32', 47);
INSERT INTO messages (message_id, message_content, sent_timestamp, conversation_id) VALUES (191, 'Can you negotiate?', '2026-02-17 01:11:32', 47);
INSERT INTO messages (message_id, message_content, sent_timestamp, conversation_id) VALUES (192, 'Final price is fixed.', '2026-02-17 03:03:32', 47);
INSERT INTO messages (message_id, message_content, sent_timestamp, conversation_id) VALUES (193, 'When can I visit?', '2026-02-17 04:23:32', 47);
INSERT INTO conversations (conversation_id, start_date, status, seller_id, buyer_id) VALUES (48, '2026-02-22 21:42:32', TRUE, 5, 5);
INSERT INTO messages (message_id, message_content, sent_timestamp, conversation_id) VALUES (194, 'Is this available?', '2026-02-22 22:35:32', 48);
INSERT INTO messages (message_id, message_content, sent_timestamp, conversation_id) VALUES (195, 'Yes, it is available.', '2026-02-23 00:07:32', 48);
INSERT INTO messages (message_id, message_content, sent_timestamp, conversation_id) VALUES (196, 'Can you negotiate?', '2026-02-23 00:14:32', 48);
INSERT INTO conversations (conversation_id, start_date, status, seller_id, buyer_id) VALUES (49, '2026-03-01 21:42:32', TRUE, 30, 14);
INSERT INTO messages (message_id, message_content, sent_timestamp, conversation_id) VALUES (197, 'Is this available?', '2026-03-01 23:28:32', 49);
INSERT INTO messages (message_id, message_content, sent_timestamp, conversation_id) VALUES (198, 'Yes, it is available.', '2026-03-01 23:44:32', 49);
INSERT INTO messages (message_id, message_content, sent_timestamp, conversation_id) VALUES (199, 'Can you negotiate?', '2026-03-02 00:03:32', 49);
INSERT INTO conversations (conversation_id, start_date, status, seller_id, buyer_id) VALUES (50, '2026-03-15 21:42:32', TRUE, 6, 29);
INSERT INTO messages (message_id, message_content, sent_timestamp, conversation_id) VALUES (200, 'Is this available?', '2026-03-15 22:10:32', 50);
INSERT INTO messages (message_id, message_content, sent_timestamp, conversation_id) VALUES (201, 'Yes, it is available.', '2026-03-15 23:19:32', 50);
INSERT INTO messages (message_id, message_content, sent_timestamp, conversation_id) VALUES (202, 'Can you negotiate?', '2026-03-15 23:30:32', 50);
INSERT INTO conversations (conversation_id, start_date, status, seller_id, buyer_id) VALUES (51, '2026-04-02 21:42:32', TRUE, 25, 1);
INSERT INTO messages (message_id, message_content, sent_timestamp, conversation_id) VALUES (203, 'Is this available?', '2026-04-02 22:58:32', 51);
INSERT INTO messages (message_id, message_content, sent_timestamp, conversation_id) VALUES (204, 'Yes, it is available.', '2026-04-03 00:29:32', 51);
INSERT INTO messages (message_id, message_content, sent_timestamp, conversation_id) VALUES (205, 'Can you negotiate?', '2026-04-03 01:04:32', 51);
INSERT INTO messages (message_id, message_content, sent_timestamp, conversation_id) VALUES (206, 'Final price is fixed.', '2026-04-03 02:27:32', 51);
INSERT INTO conversations (conversation_id, start_date, status, seller_id, buyer_id) VALUES (52, '2026-03-14 21:42:32', TRUE, 25, 21);
INSERT INTO messages (message_id, message_content, sent_timestamp, conversation_id) VALUES (207, 'Is this available?', '2026-03-14 23:17:32', 52);
INSERT INTO messages (message_id, message_content, sent_timestamp, conversation_id) VALUES (208, 'Yes, it is available.', '2026-03-15 01:06:32', 52);
INSERT INTO messages (message_id, message_content, sent_timestamp, conversation_id) VALUES (209, 'Can you negotiate?', '2026-03-15 02:13:32', 52);
INSERT INTO messages (message_id, message_content, sent_timestamp, conversation_id) VALUES (210, 'Final price is fixed.', '2026-03-15 02:52:32', 52);
INSERT INTO conversations (conversation_id, start_date, status, seller_id, buyer_id) VALUES (53, '2026-03-14 21:42:32', TRUE, 1, 27);
INSERT INTO messages (message_id, message_content, sent_timestamp, conversation_id) VALUES (211, 'Is this available?', '2026-03-14 22:03:32', 53);
INSERT INTO messages (message_id, message_content, sent_timestamp, conversation_id) VALUES (212, 'Yes, it is available.', '2026-03-14 22:57:32', 53);
INSERT INTO messages (message_id, message_content, sent_timestamp, conversation_id) VALUES (213, 'Can you negotiate?', '2026-03-15 00:46:32', 53);
INSERT INTO conversations (conversation_id, start_date, status, seller_id, buyer_id) VALUES (54, '2026-03-25 21:42:32', TRUE, 29, 13);
INSERT INTO messages (message_id, message_content, sent_timestamp, conversation_id) VALUES (214, 'Is this available?', '2026-03-25 22:40:32', 54);
INSERT INTO messages (message_id, message_content, sent_timestamp, conversation_id) VALUES (215, 'Yes, it is available.', '2026-03-25 23:43:32', 54);
INSERT INTO messages (message_id, message_content, sent_timestamp, conversation_id) VALUES (216, 'Can you negotiate?', '2026-03-26 01:33:32', 54);
INSERT INTO messages (message_id, message_content, sent_timestamp, conversation_id) VALUES (217, 'Final price is fixed.', '2026-03-26 03:01:32', 54);
INSERT INTO conversations (conversation_id, start_date, status, seller_id, buyer_id) VALUES (55, '2026-03-21 21:42:32', TRUE, 8, 17);
INSERT INTO messages (message_id, message_content, sent_timestamp, conversation_id) VALUES (218, 'Is this available?', '2026-03-21 23:11:32', 55);
INSERT INTO messages (message_id, message_content, sent_timestamp, conversation_id) VALUES (219, 'Yes, it is available.', '2026-03-22 00:15:32', 55);
INSERT INTO messages (message_id, message_content, sent_timestamp, conversation_id) VALUES (220, 'Can you negotiate?', '2026-03-22 00:44:32', 55);
INSERT INTO conversations (conversation_id, start_date, status, seller_id, buyer_id) VALUES (56, '2026-02-24 21:42:32', TRUE, 1, 16);
INSERT INTO messages (message_id, message_content, sent_timestamp, conversation_id) VALUES (221, 'Is this available?', '2026-02-24 23:19:32', 56);
INSERT INTO messages (message_id, message_content, sent_timestamp, conversation_id) VALUES (222, 'Yes, it is available.', '2026-02-25 00:25:32', 56);
INSERT INTO messages (message_id, message_content, sent_timestamp, conversation_id) VALUES (223, 'Can you negotiate?', '2026-02-25 01:51:32', 56);
INSERT INTO messages (message_id, message_content, sent_timestamp, conversation_id) VALUES (224, 'Final price is fixed.', '2026-02-25 02:37:32', 56);
INSERT INTO conversations (conversation_id, start_date, status, seller_id, buyer_id) VALUES (57, '2026-03-27 21:42:32', TRUE, 8, 16);
INSERT INTO messages (message_id, message_content, sent_timestamp, conversation_id) VALUES (225, 'Is this available?', '2026-03-27 23:08:32', 57);
INSERT INTO messages (message_id, message_content, sent_timestamp, conversation_id) VALUES (226, 'Yes, it is available.', '2026-03-28 00:56:32', 57);
INSERT INTO messages (message_id, message_content, sent_timestamp, conversation_id) VALUES (227, 'Can you negotiate?', '2026-03-28 01:51:32', 57);
INSERT INTO conversations (conversation_id, start_date, status, seller_id, buyer_id) VALUES (58, '2026-02-09 21:42:32', TRUE, 22, 2);
INSERT INTO messages (message_id, message_content, sent_timestamp, conversation_id) VALUES (228, 'Is this available?', '2026-02-09 23:32:32', 58);
INSERT INTO messages (message_id, message_content, sent_timestamp, conversation_id) VALUES (229, 'Yes, it is available.', '2026-02-10 00:14:32', 58);
INSERT INTO messages (message_id, message_content, sent_timestamp, conversation_id) VALUES (230, 'Can you negotiate?', '2026-02-10 02:08:32', 58);
INSERT INTO messages (message_id, message_content, sent_timestamp, conversation_id) VALUES (231, 'Final price is fixed.', '2026-02-10 04:02:32', 58);
INSERT INTO conversations (conversation_id, start_date, status, seller_id, buyer_id) VALUES (59, '2026-03-17 21:42:32', TRUE, 4, 23);
INSERT INTO messages (message_id, message_content, sent_timestamp, conversation_id) VALUES (232, 'Is this available?', '2026-03-17 21:48:32', 59);
INSERT INTO messages (message_id, message_content, sent_timestamp, conversation_id) VALUES (233, 'Yes, it is available.', '2026-03-17 23:35:32', 59);
INSERT INTO messages (message_id, message_content, sent_timestamp, conversation_id) VALUES (234, 'Can you negotiate?', '2026-03-18 00:21:32', 59);
INSERT INTO conversations (conversation_id, start_date, status, seller_id, buyer_id) VALUES (60, '2026-03-14 21:42:32', TRUE, 23, 30);
INSERT INTO messages (message_id, message_content, sent_timestamp, conversation_id) VALUES (235, 'Is this available?', '2026-03-14 23:37:32', 60);
INSERT INTO messages (message_id, message_content, sent_timestamp, conversation_id) VALUES (236, 'Yes, it is available.', '2026-03-15 01:28:32', 60);
INSERT INTO messages (message_id, message_content, sent_timestamp, conversation_id) VALUES (237, 'Can you negotiate?', '2026-03-15 02:16:32', 60);

-- ========================
-- REVIEWS
-- ========================
INSERT INTO reviews (review_id, buyer_id, seller_id, review_comment, review_type, review_date, rating) VALUES (1, 6, 14, 'Average experience.', 'SellerReview', '2026-03-03', 2.8);
INSERT INTO reviews (review_id, buyer_id, seller_id, review_comment, review_type, review_date, rating) VALUES (2, 12, 8, 'Not satisfied with the condition.', 'SellerReview', '2026-02-25', 4.4);
INSERT INTO reviews (review_id, buyer_id, seller_id, review_comment, review_type, review_date, rating) VALUES (3, 29, 17, 'Item as described, very happy.', 'SellerReview', '2026-03-10', 2.6);
INSERT INTO reviews (review_id, buyer_id, seller_id, review_comment, review_type, review_date, rating) VALUES (4, 8, 30, 'Seller was a bit late, but item is good.', 'SellerReview', '2026-03-03', 4.4);
INSERT INTO reviews (review_id, buyer_id, seller_id, review_comment, review_type, review_date, rating) VALUES (5, 26, 1, 'Not satisfied with the condition.', 'SellerReview', '2026-03-02', 3.1);
INSERT INTO reviews (review_id, buyer_id, seller_id, review_comment, review_type, review_date, rating) VALUES (6, 3, 16, 'Not satisfied with the condition.', 'SellerReview', '2026-03-01', 2.9);
INSERT INTO reviews (review_id, buyer_id, seller_id, review_comment, review_type, review_date, rating) VALUES (7, 29, 24, 'Not satisfied with the condition.', 'SellerReview', '2026-03-08', 3.7);
INSERT INTO reviews (review_id, buyer_id, seller_id, review_comment, review_type, review_date, rating) VALUES (8, 12, 7, 'Seller was a bit late, but item is good.', 'SellerReview', '2026-02-25', 4.2);
INSERT INTO reviews (review_id, buyer_id, seller_id, review_comment, review_type, review_date, rating) VALUES (9, 12, 13, 'Smooth transaction.', 'SellerReview', '2026-03-18', 4.9);
INSERT INTO reviews (review_id, buyer_id, seller_id, review_comment, review_type, review_date, rating) VALUES (10, 3, 24, 'Seller was a bit late, but item is good.', 'SellerReview', '2026-03-12', 4.5);
INSERT INTO reviews (review_id, buyer_id, seller_id, review_comment, review_type, review_date, rating) VALUES (11, 10, 13, 'Smooth transaction.', 'SellerReview', '2026-04-07', 3.9);
INSERT INTO reviews (review_id, buyer_id, seller_id, review_comment, review_type, review_date, rating) VALUES (12, 24, 14, 'Item as described, very happy.', 'SellerReview', '2026-03-26', 3.9);
INSERT INTO reviews (review_id, buyer_id, seller_id, review_comment, review_type, review_date, rating) VALUES (13, 30, 5, 'Excellent communication and fair price.', 'SellerReview', '2026-03-24', 4.3);
INSERT INTO reviews (review_id, buyer_id, seller_id, review_comment, review_type, review_date, rating) VALUES (14, 29, 27, 'Seller was a bit late, but item is good.', 'SellerReview', '2026-03-02', 2.0);
INSERT INTO reviews (review_id, buyer_id, seller_id, review_comment, review_type, review_date, rating) VALUES (15, 15, 12, 'Seller was a bit late, but item is good.', 'SellerReview', '2026-02-23', 2.6);
INSERT INTO reviews (review_id, buyer_id, seller_id, review_comment, review_type, review_date, rating) VALUES (16, 25, 19, 'Would buy again!', 'SellerReview', '2026-03-24', 2.3);
INSERT INTO reviews (review_id, buyer_id, seller_id, review_comment, review_type, review_date, rating) VALUES (17, 29, 27, 'Excellent communication and fair price.', 'SellerReview', '2026-03-14', 2.0);
INSERT INTO reviews (review_id, buyer_id, seller_id, review_comment, review_type, review_date, rating) VALUES (18, 25, 3, 'Excellent communication and fair price.', 'SellerReview', '2026-03-27', 1.1);
INSERT INTO reviews (review_id, buyer_id, seller_id, review_comment, review_type, review_date, rating) VALUES (19, 30, 29, 'Not satisfied with the condition.', 'SellerReview', '2026-02-19', 2.6);
INSERT INTO reviews (review_id, buyer_id, seller_id, review_comment, review_type, review_date, rating) VALUES (20, 3, 4, 'Not satisfied with the condition.', 'SellerReview', '2026-03-25', 2.7);
INSERT INTO reviews (review_id, buyer_id, seller_id, review_comment, review_type, review_date, rating) VALUES (21, 3, 17, 'Seller was a bit late, but item is good.', 'SellerReview', '2026-03-24', 3.1);
INSERT INTO reviews (review_id, buyer_id, seller_id, review_comment, review_type, review_date, rating) VALUES (22, 27, 23, 'Smooth transaction.', 'SellerReview', '2026-03-30', 3.6);
INSERT INTO reviews (review_id, buyer_id, seller_id, review_comment, review_type, review_date, rating) VALUES (23, 18, 15, 'Item as described, very happy.', 'SellerReview', '2026-03-17', 4.6);
INSERT INTO reviews (review_id, buyer_id, seller_id, review_comment, review_type, review_date, rating) VALUES (24, 5, 13, 'Average experience.', 'SellerReview', '2026-03-17', 2.4);
INSERT INTO reviews (review_id, buyer_id, seller_id, review_comment, review_type, review_date, rating) VALUES (25, 19, 26, 'Smooth transaction.', 'SellerReview', '2026-03-29', 3.6);
INSERT INTO reviews (review_id, buyer_id, seller_id, review_comment, review_type, review_date, rating) VALUES (26, 23, 24, 'Smooth transaction.', 'SellerReview', '2026-03-18', 2.8);
INSERT INTO reviews (review_id, buyer_id, seller_id, review_comment, review_type, review_date, rating) VALUES (27, 27, 10, 'Seller was a bit late, but item is good.', 'SellerReview', '2026-03-22', 3.5);
INSERT INTO reviews (review_id, buyer_id, seller_id, review_comment, review_type, review_date, rating) VALUES (28, 24, 20, 'Smooth transaction.', 'SellerReview', '2026-04-01', 1.8);
INSERT INTO reviews (review_id, buyer_id, seller_id, review_comment, review_type, review_date, rating) VALUES (29, 15, 15, 'Seller was a bit late, but item is good.', 'SellerReview', '2026-04-02', 2.0);
INSERT INTO reviews (review_id, buyer_id, seller_id, review_comment, review_type, review_date, rating) VALUES (30, 9, 22, 'Item as described, very happy.', 'SellerReview', '2026-04-01', 4.8);
INSERT INTO reviews (review_id, buyer_id, seller_id, review_comment, review_type, review_date, rating) VALUES (31, 25, 10, 'Seller was a bit late, but item is good.', 'SellerReview', '2026-02-23', 2.3);
INSERT INTO reviews (review_id, buyer_id, seller_id, review_comment, review_type, review_date, rating) VALUES (32, 13, 18, 'Excellent communication and fair price.', 'SellerReview', '2026-02-23', 5.0);
INSERT INTO reviews (review_id, buyer_id, seller_id, review_comment, review_type, review_date, rating) VALUES (33, 29, 14, 'Would buy again!', 'SellerReview', '2026-02-28', 4.6);
INSERT INTO reviews (review_id, buyer_id, seller_id, review_comment, review_type, review_date, rating) VALUES (34, 16, 25, 'Great seller, highly recommend!', 'SellerReview', '2026-03-24', 2.1);
INSERT INTO reviews (review_id, buyer_id, seller_id, review_comment, review_type, review_date, rating) VALUES (35, 12, 10, 'Excellent communication and fair price.', 'SellerReview', '2026-03-31', 3.8);
INSERT INTO reviews (review_id, buyer_id, seller_id, review_comment, review_type, review_date, rating) VALUES (36, 4, 15, 'Smooth transaction.', 'SellerReview', '2026-03-13', 4.5);
INSERT INTO reviews (review_id, buyer_id, seller_id, review_comment, review_type, review_date, rating) VALUES (37, 24, 19, 'Smooth transaction.', 'SellerReview', '2026-03-25', 3.5);
INSERT INTO reviews (review_id, buyer_id, seller_id, review_comment, review_type, review_date, rating) VALUES (38, 4, 9, 'Not satisfied with the condition.', 'SellerReview', '2026-03-12', 4.5);
INSERT INTO reviews (review_id, buyer_id, seller_id, review_comment, review_type, review_date, rating) VALUES (39, 1, 28, 'Not satisfied with the condition.', 'SellerReview', '2026-04-02', 1.8);
INSERT INTO reviews (review_id, buyer_id, seller_id, review_comment, review_type, review_date, rating) VALUES (40, 20, 22, 'Excellent communication and fair price.', 'SellerReview', '2026-03-24', 2.2);
INSERT INTO reviews (review_id, buyer_id, seller_id, review_comment, review_type, review_date, rating) VALUES (41, 28, 20, 'Item as described, very happy.', 'SellerReview', '2026-03-19', 4.4);
INSERT INTO reviews (review_id, buyer_id, seller_id, review_comment, review_type, review_date, rating) VALUES (42, 29, 9, 'Smooth transaction.', 'SellerReview', '2026-03-27', 4.1);
INSERT INTO reviews (review_id, buyer_id, seller_id, review_comment, review_type, review_date, rating) VALUES (43, 4, 1, 'Average experience.', 'SellerReview', '2026-03-13', 2.2);
INSERT INTO reviews (review_id, buyer_id, seller_id, review_comment, review_type, review_date, rating) VALUES (44, 28, 9, 'Not satisfied with the condition.', 'SellerReview', '2026-03-28', 2.8);
INSERT INTO reviews (review_id, buyer_id, seller_id, review_comment, review_type, review_date, rating) VALUES (45, 15, 27, 'Average experience.', 'SellerReview', '2026-03-17', 2.2);
INSERT INTO reviews (review_id, buyer_id, seller_id, review_comment, review_type, review_date, rating) VALUES (46, 3, 3, 'Seller was a bit late, but item is good.', 'SellerReview', '2026-02-25', 4.3);
INSERT INTO reviews (review_id, buyer_id, seller_id, review_comment, review_type, review_date, rating) VALUES (47, 13, 21, 'Not satisfied with the condition.', 'SellerReview', '2026-03-24', 1.3);
INSERT INTO reviews (review_id, buyer_id, seller_id, review_comment, review_type, review_date, rating) VALUES (48, 18, 8, 'Seller was a bit late, but item is good.', 'SellerReview', '2026-02-19', 4.9);
INSERT INTO reviews (review_id, buyer_id, seller_id, review_comment, review_type, review_date, rating) VALUES (49, 10, 23, 'Great seller, highly recommend!', 'SellerReview', '2026-02-23', 1.8);
INSERT INTO reviews (review_id, buyer_id, seller_id, review_comment, review_type, review_date, rating) VALUES (50, 13, 1, 'Not satisfied with the condition.', 'SellerReview', '2026-03-19', 3.9);
INSERT INTO reviews (review_id, buyer_id, seller_id, review_comment, review_type, review_date, rating) VALUES (51, 2, 9, 'Smooth transaction.', 'SellerReview', '2026-03-18', 1.7);
INSERT INTO reviews (review_id, buyer_id, seller_id, review_comment, review_type, review_date, rating) VALUES (52, 15, 19, 'Average experience.', 'SellerReview', '2026-03-11', 1.5);
INSERT INTO reviews (review_id, buyer_id, seller_id, review_comment, review_type, review_date, rating) VALUES (53, 10, 20, 'Seller was a bit late, but item is good.', 'SellerReview', '2026-02-24', 2.6);
INSERT INTO reviews (review_id, buyer_id, seller_id, review_comment, review_type, review_date, rating) VALUES (54, 17, 24, 'Would buy again!', 'SellerReview', '2026-03-24', 3.3);
INSERT INTO reviews (review_id, buyer_id, seller_id, review_comment, review_type, review_date, rating) VALUES (55, 17, 7, 'Great seller, highly recommend!', 'SellerReview', '2026-02-28', 4.5);
INSERT INTO reviews (review_id, buyer_id, seller_id, review_comment, review_type, review_date, rating) VALUES (56, 12, 27, 'Average experience.', 'SellerReview', '2026-03-01', 4.8);
INSERT INTO reviews (review_id, buyer_id, seller_id, review_comment, review_type, review_date, rating) VALUES (57, 6, 26, 'Would buy again!', 'SellerReview', '2026-04-06', 4.3);
INSERT INTO reviews (review_id, buyer_id, seller_id, review_comment, review_type, review_date, rating) VALUES (58, 1, 27, 'Seller was a bit late, but item is good.', 'SellerReview', '2026-03-22', 1.1);
INSERT INTO reviews (review_id, buyer_id, seller_id, review_comment, review_type, review_date, rating) VALUES (59, 25, 24, 'Would buy again!', 'SellerReview', '2026-03-16', 4.8);
INSERT INTO reviews (review_id, buyer_id, seller_id, review_comment, review_type, review_date, rating) VALUES (60, 17, 29, 'Smooth transaction.', 'SellerReview', '2026-03-16', 4.4);
INSERT INTO reviews (review_id, buyer_id, seller_id, review_comment, review_type, review_date, rating) VALUES (61, 3, 22, 'Not satisfied with the condition.', 'SellerReview', '2026-02-27', 3.2);
INSERT INTO reviews (review_id, buyer_id, seller_id, review_comment, review_type, review_date, rating) VALUES (62, 15, 30, 'Would buy again!', 'SellerReview', '2026-03-23', 2.3);
INSERT INTO reviews (review_id, buyer_id, seller_id, review_comment, review_type, review_date, rating) VALUES (63, 14, 6, 'Would buy again!', 'SellerReview', '2026-03-21', 3.2);
INSERT INTO reviews (review_id, buyer_id, seller_id, review_comment, review_type, review_date, rating) VALUES (64, 19, 18, 'Great seller, highly recommend!', 'SellerReview', '2026-03-26', 1.4);
INSERT INTO reviews (review_id, buyer_id, seller_id, review_comment, review_type, review_date, rating) VALUES (65, 22, 1, 'Great seller, highly recommend!', 'SellerReview', '2026-03-09', 1.4);
INSERT INTO reviews (review_id, buyer_id, seller_id, review_comment, review_type, review_date, rating) VALUES (66, 13, 15, 'Great seller, highly recommend!', 'SellerReview', '2026-04-05', 3.8);
INSERT INTO reviews (review_id, buyer_id, seller_id, review_comment, review_type, review_date, rating) VALUES (67, 25, 10, 'Not satisfied with the condition.', 'SellerReview', '2026-04-05', 2.6);
INSERT INTO reviews (review_id, buyer_id, seller_id, review_comment, review_type, review_date, rating) VALUES (68, 14, 18, 'Seller was a bit late, but item is good.', 'SellerReview', '2026-03-25', 3.0);
INSERT INTO reviews (review_id, buyer_id, seller_id, review_comment, review_type, review_date, rating) VALUES (69, 16, 15, 'Item as described, very happy.', 'SellerReview', '2026-04-06', 1.7);
INSERT INTO reviews (review_id, buyer_id, seller_id, review_comment, review_type, review_date, rating) VALUES (70, 16, 5, 'Great seller, highly recommend!', 'SellerReview', '2026-02-23', 4.2);
INSERT INTO reviews (review_id, buyer_id, seller_id, review_comment, review_type, review_date, rating) VALUES (71, 25, 4, 'Smooth transaction.', 'SellerReview', '2026-03-24', 3.8);
INSERT INTO reviews (review_id, buyer_id, seller_id, review_comment, review_type, review_date, rating) VALUES (72, 7, 1, 'Great seller, highly recommend!', 'SellerReview', '2026-02-24', 5.0);
INSERT INTO reviews (review_id, buyer_id, seller_id, review_comment, review_type, review_date, rating) VALUES (73, 9, 26, 'Would buy again!', 'SellerReview', '2026-03-25', 3.6);
INSERT INTO reviews (review_id, buyer_id, seller_id, review_comment, review_type, review_date, rating) VALUES (74, 27, 23, 'Would buy again!', 'SellerReview', '2026-04-04', 1.6);
INSERT INTO reviews (review_id, buyer_id, seller_id, review_comment, review_type, review_date, rating) VALUES (75, 10, 3, 'Smooth transaction.', 'SellerReview', '2026-03-06', 1.2);
INSERT INTO reviews (review_id, buyer_id, seller_id, review_comment, review_type, review_date, rating) VALUES (76, 22, 30, 'Smooth transaction.', 'SellerReview', '2026-03-09', 3.3);
INSERT INTO reviews (review_id, buyer_id, seller_id, review_comment, review_type, review_date, rating) VALUES (77, 12, 28, 'Average experience.', 'SellerReview', '2026-04-04', 2.7);
INSERT INTO reviews (review_id, buyer_id, seller_id, review_comment, review_type, review_date, rating) VALUES (78, 22, 19, 'Would buy again!', 'SellerReview', '2026-04-07', 1.4);
INSERT INTO reviews (review_id, buyer_id, seller_id, review_comment, review_type, review_date, rating) VALUES (79, 10, 5, 'Great seller, highly recommend!', 'SellerReview', '2026-03-03', 1.2);
INSERT INTO reviews (review_id, buyer_id, seller_id, review_comment, review_type, review_date, rating) VALUES (80, 26, 18, 'Great seller, highly recommend!', 'SellerReview', '2026-02-25', 4.4);
INSERT INTO reviews (review_id, buyer_id, seller_id, review_comment, review_type, review_date, rating) VALUES (81, 9, 21, 'Not satisfied with the condition.', 'SellerReview', '2026-03-17', 1.7);
INSERT INTO reviews (review_id, buyer_id, seller_id, review_comment, review_type, review_date, rating) VALUES (82, 15, 15, 'Not satisfied with the condition.', 'SellerReview', '2026-04-04', 3.2);
INSERT INTO reviews (review_id, buyer_id, seller_id, review_comment, review_type, review_date, rating) VALUES (83, 10, 28, 'Seller was a bit late, but item is good.', 'SellerReview', '2026-04-04', 5.0);
INSERT INTO reviews (review_id, buyer_id, seller_id, review_comment, review_type, review_date, rating) VALUES (84, 9, 8, 'Average experience.', 'SellerReview', '2026-03-05', 1.6);

-- ========================
-- NOTIFICATIONS
-- ========================
INSERT INTO notifications (notification_id, type, message, notification_date, status, user_id) VALUES (1, 'Alert', 'You have a new message regarding your ad.', '2026-04-06 20:42:32', 'Unread', 10);
INSERT INTO notifications (notification_id, type, message, notification_date, status, user_id) VALUES (2, 'Alert', 'You have a new message regarding your ad.', '2026-04-07 01:42:32', 'Unread', 17);
INSERT INTO notifications (notification_id, type, message, notification_date, status, user_id) VALUES (3, 'Alert', 'You have a new message regarding your ad.', '2026-04-10 11:42:32', 'Unread', 4);
INSERT INTO notifications (notification_id, type, message, notification_date, status, user_id) VALUES (4, 'Alert', 'You have a new message regarding your ad.', '2026-04-10 12:42:32', 'Unread', 35);
INSERT INTO notifications (notification_id, type, message, notification_date, status, user_id) VALUES (5, 'Alert', 'You have a new message regarding your ad.', '2026-04-08 06:42:32', 'Unread', 47);
INSERT INTO notifications (notification_id, type, message, notification_date, status, user_id) VALUES (6, 'Alert', 'You have a new message regarding your ad.', '2026-04-10 05:42:32', 'Unread', 36);
INSERT INTO notifications (notification_id, type, message, notification_date, status, user_id) VALUES (7, 'Alert', 'You have a new message regarding your ad.', '2026-04-07 07:42:32', 'Unread', 41);
INSERT INTO notifications (notification_id, type, message, notification_date, status, user_id) VALUES (8, 'Alert', 'You have a new message regarding your ad.', '2026-04-09 00:42:32', 'Unread', 40);
INSERT INTO notifications (notification_id, type, message, notification_date, status, user_id) VALUES (9, 'Alert', 'You have a new message regarding your ad.', '2026-04-06 22:42:32', 'Unread', 4);
INSERT INTO notifications (notification_id, type, message, notification_date, status, user_id) VALUES (10, 'Alert', 'You have a new message regarding your ad.', '2026-04-08 18:42:32', 'Unread', 49);
INSERT INTO notifications (notification_id, type, message, notification_date, status, user_id) VALUES (11, 'Alert', 'You have a new message regarding your ad.', '2026-04-08 23:42:32', 'Unread', 30);
INSERT INTO notifications (notification_id, type, message, notification_date, status, user_id) VALUES (12, 'Alert', 'You have a new message regarding your ad.', '2026-04-06 22:42:32', 'Unread', 34);
INSERT INTO notifications (notification_id, type, message, notification_date, status, user_id) VALUES (13, 'Alert', 'You have a new message regarding your ad.', '2026-04-09 23:42:32', 'Unread', 37);
INSERT INTO notifications (notification_id, type, message, notification_date, status, user_id) VALUES (14, 'Alert', 'You have a new message regarding your ad.', '2026-04-06 23:42:32', 'Unread', 6);
INSERT INTO notifications (notification_id, type, message, notification_date, status, user_id) VALUES (15, 'Alert', 'You have a new message regarding your ad.', '2026-04-08 08:42:32', 'Unread', 12);
INSERT INTO notifications (notification_id, type, message, notification_date, status, user_id) VALUES (16, 'Alert', 'You have a new message regarding your ad.', '2026-04-09 06:42:32', 'Unread', 38);
INSERT INTO notifications (notification_id, type, message, notification_date, status, user_id) VALUES (17, 'Alert', 'You have a new message regarding your ad.', '2026-04-08 22:42:32', 'Unread', 2);
INSERT INTO notifications (notification_id, type, message, notification_date, status, user_id) VALUES (18, 'Alert', 'You have a new message regarding your ad.', '2026-04-10 19:42:32', 'Unread', 43);
INSERT INTO notifications (notification_id, type, message, notification_date, status, user_id) VALUES (19, 'Alert', 'You have a new message regarding your ad.', '2026-04-08 17:42:32', 'Unread', 31);
INSERT INTO notifications (notification_id, type, message, notification_date, status, user_id) VALUES (20, 'Alert', 'You have a new message regarding your ad.', '2026-04-09 18:42:32', 'Unread', 48);
INSERT INTO notifications (notification_id, type, message, notification_date, status, user_id) VALUES (21, 'Alert', 'You have a new message regarding your ad.', '2026-04-07 02:42:32', 'Unread', 29);
INSERT INTO notifications (notification_id, type, message, notification_date, status, user_id) VALUES (22, 'Alert', 'You have a new message regarding your ad.', '2026-04-07 21:42:32', 'Unread', 36);
INSERT INTO notifications (notification_id, type, message, notification_date, status, user_id) VALUES (23, 'Alert', 'You have a new message regarding your ad.', '2026-04-08 11:42:32', 'Unread', 41);
INSERT INTO notifications (notification_id, type, message, notification_date, status, user_id) VALUES (24, 'Alert', 'You have a new message regarding your ad.', '2026-04-09 06:42:32', 'Unread', 7);
INSERT INTO notifications (notification_id, type, message, notification_date, status, user_id) VALUES (25, 'Alert', 'You have a new message regarding your ad.', '2026-04-07 15:42:32', 'Unread', 44);
INSERT INTO notifications (notification_id, type, message, notification_date, status, user_id) VALUES (26, 'Alert', 'You have a new message regarding your ad.', '2026-04-09 06:42:32', 'Unread', 36);
INSERT INTO notifications (notification_id, type, message, notification_date, status, user_id) VALUES (27, 'Alert', 'You have a new message regarding your ad.', '2026-04-07 03:42:32', 'Unread', 9);
INSERT INTO notifications (notification_id, type, message, notification_date, status, user_id) VALUES (28, 'Alert', 'You have a new message regarding your ad.', '2026-04-07 06:42:32', 'Unread', 37);
INSERT INTO notifications (notification_id, type, message, notification_date, status, user_id) VALUES (29, 'Alert', 'You have a new message regarding your ad.', '2026-04-10 15:42:32', 'Unread', 45);
INSERT INTO notifications (notification_id, type, message, notification_date, status, user_id) VALUES (30, 'Alert', 'You have a new message regarding your ad.', '2026-04-07 01:42:32', 'Unread', 5);
INSERT INTO notifications (notification_id, type, message, notification_date, status, user_id) VALUES (31, 'Alert', 'You have a new message regarding your ad.', '2026-04-09 10:42:32', 'Unread', 47);
INSERT INTO notifications (notification_id, type, message, notification_date, status, user_id) VALUES (32, 'Alert', 'You have a new message regarding your ad.', '2026-04-06 18:42:32', 'Unread', 23);
INSERT INTO notifications (notification_id, type, message, notification_date, status, user_id) VALUES (33, 'Alert', 'You have a new message regarding your ad.', '2026-04-09 05:42:32', 'Unread', 26);
INSERT INTO notifications (notification_id, type, message, notification_date, status, user_id) VALUES (34, 'Alert', 'You have a new message regarding your ad.', '2026-04-08 09:42:32', 'Unread', 47);
INSERT INTO notifications (notification_id, type, message, notification_date, status, user_id) VALUES (35, 'Alert', 'You have a new message regarding your ad.', '2026-04-10 13:42:32', 'Unread', 24);
INSERT INTO notifications (notification_id, type, message, notification_date, status, user_id) VALUES (36, 'Alert', 'You have a new message regarding your ad.', '2026-04-06 17:42:32', 'Unread', 41);
INSERT INTO notifications (notification_id, type, message, notification_date, status, user_id) VALUES (37, 'Alert', 'You have a new message regarding your ad.', '2026-04-07 22:42:32', 'Unread', 10);
INSERT INTO notifications (notification_id, type, message, notification_date, status, user_id) VALUES (38, 'Alert', 'You have a new message regarding your ad.', '2026-04-08 22:42:32', 'Unread', 20);
INSERT INTO notifications (notification_id, type, message, notification_date, status, user_id) VALUES (39, 'Alert', 'You have a new message regarding your ad.', '2026-04-10 04:42:32', 'Unread', 15);
INSERT INTO notifications (notification_id, type, message, notification_date, status, user_id) VALUES (40, 'Alert', 'You have a new message regarding your ad.', '2026-04-09 23:42:32', 'Unread', 40);
INSERT INTO notifications (notification_id, type, message, notification_date, status, user_id) VALUES (41, 'Alert', 'You have a new message regarding your ad.', '2026-04-07 02:42:32', 'Unread', 47);
INSERT INTO notifications (notification_id, type, message, notification_date, status, user_id) VALUES (42, 'Alert', 'You have a new message regarding your ad.', '2026-04-10 03:42:32', 'Unread', 35);
INSERT INTO notifications (notification_id, type, message, notification_date, status, user_id) VALUES (43, 'Alert', 'You have a new message regarding your ad.', '2026-04-10 19:42:32', 'Unread', 44);
INSERT INTO notifications (notification_id, type, message, notification_date, status, user_id) VALUES (44, 'Alert', 'You have a new message regarding your ad.', '2026-04-08 20:42:32', 'Unread', 28);
INSERT INTO notifications (notification_id, type, message, notification_date, status, user_id) VALUES (45, 'Alert', 'You have a new message regarding your ad.', '2026-04-10 07:42:32', 'Unread', 39);
INSERT INTO notifications (notification_id, type, message, notification_date, status, user_id) VALUES (46, 'Alert', 'You have a new message regarding your ad.', '2026-04-08 09:42:32', 'Unread', 17);
INSERT INTO notifications (notification_id, type, message, notification_date, status, user_id) VALUES (47, 'Alert', 'You have a new message regarding your ad.', '2026-04-08 04:42:32', 'Unread', 18);
INSERT INTO notifications (notification_id, type, message, notification_date, status, user_id) VALUES (48, 'Alert', 'You have a new message regarding your ad.', '2026-04-10 03:42:32', 'Unread', 13);
INSERT INTO notifications (notification_id, type, message, notification_date, status, user_id) VALUES (49, 'Alert', 'You have a new message regarding your ad.', '2026-04-09 00:42:32', 'Unread', 30);
INSERT INTO notifications (notification_id, type, message, notification_date, status, user_id) VALUES (50, 'Alert', 'You have a new message regarding your ad.', '2026-04-09 16:42:32', 'Unread', 20);
